2026-06-26 00:52:10 [main] DEBUG freemarker.cache - Couldn't find template in cache for "spark/spark.spa.ftl"("es_MX", UTF-8, parsed); will try to load it.
2026-06-26 00:52:10 [main] DEBUG freemarker.cache - TemplateLoader.findTemplateSource("spark/spark.spa_es_MX.ftl"): Not found
2026-06-26 00:52:10 [main] DEBUG freemarker.cache - TemplateLoader.findTemplateSource("spark/spark.spa_es.ftl"): Not found
2026-06-26 00:52:10 [main] DEBUG freemarker.cache - TemplateLoader.findTemplateSource("spark/spark.spa.ftl"): Found
2026-06-26 00:52:10 [main] DEBUG freemarker.cache - Loading template for "spark/spark.spa.ftl"("es_MX", UTF-8, parsed) from "jar:file:/C:/Users/rperaltr/.m2/repository/com/aventstack/extentreports/5.1.2/extentreports-5.1.2.jar!/com/aventstack/extentreports/templates/spark/spark.spa.ftl"
2026-06-26 00:52:10 [main] DEBUG freemarker.cache - Couldn't find template in cache for "commons/commons-variables.ftl"("es_MX", UTF-8, parsed); will try to load it.
2026-06-26 00:52:10 [main] DEBUG freemarker.cache - TemplateLoader.findTemplateSource("commons/commons-variables_es_MX.ftl"): Not found
2026-06-26 00:52:10 [main] DEBUG freemarker.cache - TemplateLoader.findTemplateSource("commons/commons-variables_es.ftl"): Not found
2026-06-26 00:52:10 [main] DEBUG freemarker.cache - TemplateLoader.findTemplateSource("commons/commons-variables.ftl"): Found
2026-06-26 00:52:10 [main] DEBUG freemarker.cache - Loading template for "commons/commons-variables.ftl"("es_MX", UTF-8, parsed) from "jar:file:/C:/Users/rperaltr/.m2/repository/com/aventstack/extentreports/5.1.2/extentreports-5.1.2.jar!/com/aventstack/extentreports/templates/commons/commons-variables.ftl"
2026-06-26 00:52:11 [main] DEBUG freemarker.cache - Couldn't find template in cache for "commons/commons-macros.ftl"("es_MX", UTF-8, parsed); will try to load it.
2026-06-26 00:52:11 [main] DEBUG freemarker.cache - TemplateLoader.findTemplateSource("commons/commons-macros_es_MX.ftl"): Not found
2026-06-26 00:52:11 [main] DEBUG freemarker.cache - TemplateLoader.findTemplateSource("commons/commons-macros_es.ftl"): Not found
2026-06-26 00:52:11 [main] DEBUG freemarker.cache - TemplateLoader.findTemplateSource("commons/commons-macros.ftl"): Found
2026-06-26 00:52:11 [main] DEBUG freemarker.cache - Loading template for "commons/commons-macros.ftl"("es_MX", UTF-8, parsed) from "jar:file:/C:/Users/rperaltr/.m2/repository/com/aventstack/extentreports/5.1.2/extentreports-5.1.2.jar!/com/aventstack/extentreports/templates/commons/commons-macros.ftl"
2026-06-26 00:52:11 [main] DEBUG freemarker.cache - Couldn't find template in cache for "spark/macros/attributes.ftl"("es_MX", UTF-8, parsed); will try to load it.
2026-06-26 00:52:11 [main] DEBUG freemarker.cache - TemplateLoader.findTemplateSource("spark/macros/attributes_es_MX.ftl"): Not found
2026-06-26 00:52:11 [main] DEBUG freemarker.cache - TemplateLoader.findTemplateSource("spark/macros/attributes_es.ftl"): Not found
2026-06-26 00:52:11 [main] DEBUG freemarker.cache - TemplateLoader.findTemplateSource("spark/macros/attributes.ftl"): Found
2026-06-26 00:52:11 [main] DEBUG freemarker.cache - Loading template for "spark/macros/attributes.ftl"("es_MX", UTF-8, parsed) from "jar:file:/C:/Users/rperaltr/.m2/repository/com/aventstack/extentreports/5.1.2/extentreports-5.1.2.jar!/com/aventstack/extentreports/templates/spark/macros/attributes.ftl"
2026-06-26 00:52:11 [main] DEBUG freemarker.cache - Couldn't find template in cache for "spark/macros/log.ftl"("es_MX", UTF-8, parsed); will try to load it.
2026-06-26 00:52:11 [main] DEBUG freemarker.cache - TemplateLoader.findTemplateSource("spark/macros/log_es_MX.ftl"): Not found
2026-06-26 00:52:11 [main] DEBUG freemarker.cache - TemplateLoader.findTemplateSource("spark/macros/log_es.ftl"): Not found
2026-06-26 00:52:11 [main] DEBUG freemarker.cache - TemplateLoader.findTemplateSource("spark/macros/log.ftl"): Found
2026-06-26 00:52:11 [main] DEBUG freemarker.cache - Loading template for "spark/macros/log.ftl"("es_MX", UTF-8, parsed) from "jar:file:/C:/Users/rperaltr/.m2/repository/com/aventstack/extentreports/5.1.2/extentreports-5.1.2.jar!/com/aventstack/extentreports/templates/spark/macros/log.ftl"
2026-06-26 00:52:11 [main] DEBUG freemarker.cache - Couldn't find template in cache for "spark/macros/recurse_nodes.ftl"("es_MX", UTF-8, parsed); will try to load it.
2026-06-26 00:52:11 [main] DEBUG freemarker.cache - TemplateLoader.findTemplateSource("spark/macros/recurse_nodes_es_MX.ftl"): Not found
2026-06-26 00:52:11 [main] DEBUG freemarker.cache - TemplateLoader.findTemplateSource("spark/macros/recurse_nodes_es.ftl"): Not found
2026-06-26 00:52:11 [main] DEBUG freemarker.cache - TemplateLoader.findTemplateSource("spark/macros/recurse_nodes.ftl"): Found
2026-06-26 00:52:11 [main] DEBUG freemarker.cache - Loading template for "spark/macros/recurse_nodes.ftl"("es_MX", UTF-8, parsed) from "jar:file:/C:/Users/rperaltr/.m2/repository/com/aventstack/extentreports/5.1.2/extentreports-5.1.2.jar!/com/aventstack/extentreports/templates/spark/macros/recurse_nodes.ftl"
2026-06-26 00:52:11 [main] DEBUG freemarker.cache - "spark/macros/log.ftl"("es_MX", UTF-8, parsed) cached copy not yet stale; using cached.
2026-06-26 00:52:11 [main] DEBUG freemarker.cache - Couldn't find template in cache for "spark/macros/attr-common.ftl"("es_MX", UTF-8, parsed); will try to load it.
2026-06-26 00:52:11 [main] DEBUG freemarker.cache - TemplateLoader.findTemplateSource("spark/macros/attr-common_es_MX.ftl"): Not found
2026-06-26 00:52:11 [main] DEBUG freemarker.cache - TemplateLoader.findTemplateSource("spark/macros/attr-common_es.ftl"): Not found
2026-06-26 00:52:11 [main] DEBUG freemarker.cache - TemplateLoader.findTemplateSource("spark/macros/attr-common.ftl"): Found
2026-06-26 00:52:11 [main] DEBUG freemarker.cache - Loading template for "spark/macros/attr-common.ftl"("es_MX", UTF-8, parsed) from "jar:file:/C:/Users/rperaltr/.m2/repository/com/aventstack/extentreports/5.1.2/extentreports-5.1.2.jar!/com/aventstack/extentreports/templates/spark/macros/attr-common.ftl"
2026-06-26 00:52:11 [main] DEBUG freemarker.cache - Couldn't find template in cache for "spark/partials/head.ftl"("es_MX", UTF-8, parsed); will try to load it.
2026-06-26 00:52:11 [main] DEBUG freemarker.cache - TemplateLoader.findTemplateSource("spark/partials/head_es_MX.ftl"): Not found
2026-06-26 00:52:11 [main] DEBUG freemarker.cache - TemplateLoader.findTemplateSource("spark/partials/head_es.ftl"): Not found
2026-06-26 00:52:11 [main] DEBUG freemarker.cache - TemplateLoader.findTemplateSource("spark/partials/head.ftl"): Found
2026-06-26 00:52:11 [main] DEBUG freemarker.cache - Loading template for "spark/partials/head.ftl"("es_MX", UTF-8, parsed) from "jar:file:/C:/Users/rperaltr/.m2/repository/com/aventstack/extentreports/5.1.2/extentreports-5.1.2.jar!/com/aventstack/extentreports/templates/spark/partials/head.ftl"
2026-06-26 00:52:11 [main] DEBUG freemarker.cache - Couldn't find template in cache for "commons/commons-inject-css.ftl"("es_MX", UTF-8, parsed); will try to load it.
2026-06-26 00:52:11 [main] DEBUG freemarker.cache - TemplateLoader.findTemplateSource("commons/commons-inject-css_es_MX.ftl"): Not found
2026-06-26 00:52:11 [main] DEBUG freemarker.cache - TemplateLoader.findTemplateSource("commons/commons-inject-css_es.ftl"): Not found
2026-06-26 00:52:11 [main] DEBUG freemarker.cache - TemplateLoader.findTemplateSource("commons/commons-inject-css.ftl"): Found
2026-06-26 00:52:11 [main] DEBUG freemarker.cache - Loading template for "commons/commons-inject-css.ftl"("es_MX", UTF-8, parsed) from "jar:file:/C:/Users/rperaltr/.m2/repository/com/aventstack/extentreports/5.1.2/extentreports-5.1.2.jar!/com/aventstack/extentreports/templates/commons/commons-inject-css.ftl"
2026-06-26 00:52:11 [main] DEBUG freemarker.cache - Couldn't find template in cache for "spark/partials/navbar.ftl"("es_MX", UTF-8, parsed); will try to load it.
2026-06-26 00:52:11 [main] DEBUG freemarker.cache - TemplateLoader.findTemplateSource("spark/partials/navbar_es_MX.ftl"): Not found
2026-06-26 00:52:11 [main] DEBUG freemarker.cache - TemplateLoader.findTemplateSource("spark/partials/navbar_es.ftl"): Not found
2026-06-26 00:52:11 [main] DEBUG freemarker.cache - TemplateLoader.findTemplateSource("spark/partials/navbar.ftl"): Found
2026-06-26 00:52:11 [main] DEBUG freemarker.cache - Loading template for "spark/partials/navbar.ftl"("es_MX", UTF-8, parsed) from "jar:file:/C:/Users/rperaltr/.m2/repository/com/aventstack/extentreports/5.1.2/extentreports-5.1.2.jar!/com/aventstack/extentreports/templates/spark/partials/navbar.ftl"
2026-06-26 00:52:11 [main] DEBUG freemarker.cache - Couldn't find template in cache for "spark/partials/sidenav.ftl"("es_MX", UTF-8, parsed); will try to load it.
2026-06-26 00:52:11 [main] DEBUG freemarker.cache - TemplateLoader.findTemplateSource("spark/partials/sidenav_es_MX.ftl"): Not found
2026-06-26 00:52:11 [main] DEBUG freemarker.cache - TemplateLoader.findTemplateSource("spark/partials/sidenav_es.ftl"): Not found
2026-06-26 00:52:11 [main] DEBUG freemarker.cache - TemplateLoader.findTemplateSource("spark/partials/sidenav.ftl"): Found
2026-06-26 00:52:11 [main] DEBUG freemarker.cache - Loading template for "spark/partials/sidenav.ftl"("es_MX", UTF-8, parsed) from "jar:file:/C:/Users/rperaltr/.m2/repository/com/aventstack/extentreports/5.1.2/extentreports-5.1.2.jar!/com/aventstack/extentreports/templates/spark/partials/sidenav.ftl"
2026-06-26 00:52:11 [main] DEBUG freemarker.cache - Couldn't find template in cache for "spark/partials/test.ftl"("es_MX", UTF-8, parsed); will try to load it.
2026-06-26 00:52:11 [main] DEBUG freemarker.cache - TemplateLoader.findTemplateSource("spark/partials/test_es_MX.ftl"): Not found
2026-06-26 00:52:11 [main] DEBUG freemarker.cache - TemplateLoader.findTemplateSource("spark/partials/test_es.ftl"): Not found
2026-06-26 00:52:11 [main] DEBUG freemarker.cache - TemplateLoader.findTemplateSource("spark/partials/test.ftl"): Found
2026-06-26 00:52:11 [main] DEBUG freemarker.cache - Loading template for "spark/partials/test.ftl"("es_MX", UTF-8, parsed) from "jar:file:/C:/Users/rperaltr/.m2/repository/com/aventstack/extentreports/5.1.2/extentreports-5.1.2.jar!/com/aventstack/extentreports/templates/spark/partials/test.ftl"
2026-06-26 00:52:11 [main] DEBUG freemarker.cache - Couldn't find template in cache for "spark/partials/standard-content.ftl"("es_MX", UTF-8, parsed); will try to load it.
2026-06-26 00:52:11 [main] DEBUG freemarker.cache - TemplateLoader.findTemplateSource("spark/partials/standard-content_es_MX.ftl"): Not found
2026-06-26 00:52:11 [main] DEBUG freemarker.cache - TemplateLoader.findTemplateSource("spark/partials/standard-content_es.ftl"): Not found
2026-06-26 00:52:11 [main] DEBUG freemarker.cache - TemplateLoader.findTemplateSource("spark/partials/standard-content.ftl"): Found
2026-06-26 00:52:11 [main] DEBUG freemarker.cache - Loading template for "spark/partials/standard-content.ftl"("es_MX", UTF-8, parsed) from "jar:file:/C:/Users/rperaltr/.m2/repository/com/aventstack/extentreports/5.1.2/extentreports-5.1.2.jar!/com/aventstack/extentreports/templates/spark/partials/standard-content.ftl"
2026-06-26 00:52:11 [main] DEBUG freemarker.cache - Couldn't find template in cache for "spark/partials/exception.ftl"("es_MX", UTF-8, parsed); will try to load it.
2026-06-26 00:52:11 [main] DEBUG freemarker.cache - TemplateLoader.findTemplateSource("spark/partials/exception_es_MX.ftl"): Not found
2026-06-26 00:52:11 [main] DEBUG freemarker.cache - TemplateLoader.findTemplateSource("spark/partials/exception_es.ftl"): Not found
2026-06-26 00:52:11 [main] DEBUG freemarker.cache - TemplateLoader.findTemplateSource("spark/partials/exception.ftl"): Found
2026-06-26 00:52:11 [main] DEBUG freemarker.cache - Loading template for "spark/partials/exception.ftl"("es_MX", UTF-8, parsed) from "jar:file:/C:/Users/rperaltr/.m2/repository/com/aventstack/extentreports/5.1.2/extentreports-5.1.2.jar!/com/aventstack/extentreports/templates/spark/partials/exception.ftl"
2026-06-26 00:52:11 [main] DEBUG freemarker.cache - Couldn't find template in cache for "spark/partials/category.ftl"("es_MX", UTF-8, parsed); will try to load it.
2026-06-26 00:52:11 [main] DEBUG freemarker.cache - TemplateLoader.findTemplateSource("spark/partials/category_es_MX.ftl"): Not found
2026-06-26 00:52:11 [main] DEBUG freemarker.cache - TemplateLoader.findTemplateSource("spark/partials/category_es.ftl"): Not found
2026-06-26 00:52:11 [main] DEBUG freemarker.cache - TemplateLoader.findTemplateSource("spark/partials/category.ftl"): Found
2026-06-26 00:52:11 [main] DEBUG freemarker.cache - Loading template for "spark/partials/category.ftl"("es_MX", UTF-8, parsed) from "jar:file:/C:/Users/rperaltr/.m2/repository/com/aventstack/extentreports/5.1.2/extentreports-5.1.2.jar!/com/aventstack/extentreports/templates/spark/partials/category.ftl"
2026-06-26 00:52:11 [main] DEBUG freemarker.cache - Couldn't find template in cache for "spark/partials/device.ftl"("es_MX", UTF-8, parsed); will try to load it.
2026-06-26 00:52:11 [main] DEBUG freemarker.cache - TemplateLoader.findTemplateSource("spark/partials/device_es_MX.ftl"): Not found
2026-06-26 00:52:11 [main] DEBUG freemarker.cache - TemplateLoader.findTemplateSource("spark/partials/device_es.ftl"): Not found
2026-06-26 00:52:11 [main] DEBUG freemarker.cache - TemplateLoader.findTemplateSource("spark/partials/device.ftl"): Found
2026-06-26 00:52:11 [main] DEBUG freemarker.cache - Loading template for "spark/partials/device.ftl"("es_MX", UTF-8, parsed) from "jar:file:/C:/Users/rperaltr/.m2/repository/com/aventstack/extentreports/5.1.2/extentreports-5.1.2.jar!/com/aventstack/extentreports/templates/spark/partials/device.ftl"
2026-06-26 00:52:11 [main] DEBUG freemarker.cache - Couldn't find template in cache for "spark/partials/author.ftl"("es_MX", UTF-8, parsed); will try to load it.
2026-06-26 00:52:11 [main] DEBUG freemarker.cache - TemplateLoader.findTemplateSource("spark/partials/author_es_MX.ftl"): Not found
2026-06-26 00:52:11 [main] DEBUG freemarker.cache - TemplateLoader.findTemplateSource("spark/partials/author_es.ftl"): Not found
2026-06-26 00:52:11 [main] DEBUG freemarker.cache - TemplateLoader.findTemplateSource("spark/partials/author.ftl"): Found
2026-06-26 00:52:11 [main] DEBUG freemarker.cache - Loading template for "spark/partials/author.ftl"("es_MX", UTF-8, parsed) from "jar:file:/C:/Users/rperaltr/.m2/repository/com/aventstack/extentreports/5.1.2/extentreports-5.1.2.jar!/com/aventstack/extentreports/templates/spark/partials/author.ftl"
2026-06-26 00:52:11 [main] DEBUG freemarker.cache - Couldn't find template in cache for "spark/partials/log.ftl"("es_MX", UTF-8, parsed); will try to load it.
2026-06-26 00:52:11 [main] DEBUG freemarker.cache - TemplateLoader.findTemplateSource("spark/partials/log_es_MX.ftl"): Not found
2026-06-26 00:52:11 [main] DEBUG freemarker.cache - TemplateLoader.findTemplateSource("spark/partials/log_es.ftl"): Not found
2026-06-26 00:52:11 [main] DEBUG freemarker.cache - TemplateLoader.findTemplateSource("spark/partials/log.ftl"): Found
2026-06-26 00:52:11 [main] DEBUG freemarker.cache - Loading template for "spark/partials/log.ftl"("es_MX", UTF-8, parsed) from "jar:file:/C:/Users/rperaltr/.m2/repository/com/aventstack/extentreports/5.1.2/extentreports-5.1.2.jar!/com/aventstack/extentreports/templates/spark/partials/log.ftl"
2026-06-26 00:52:11 [main] DEBUG freemarker.cache - Couldn't find template in cache for "spark/partials/dashboard.ftl"("es_MX", UTF-8, parsed); will try to load it.
2026-06-26 00:52:11 [main] DEBUG freemarker.cache - TemplateLoader.findTemplateSource("spark/partials/dashboard_es_MX.ftl"): Not found
2026-06-26 00:52:11 [main] DEBUG freemarker.cache - TemplateLoader.findTemplateSource("spark/partials/dashboard_es.ftl"): Not found
2026-06-26 00:52:11 [main] DEBUG freemarker.cache - TemplateLoader.findTemplateSource("spark/partials/dashboard.ftl"): Found
2026-06-26 00:52:11 [main] DEBUG freemarker.cache - Loading template for "spark/partials/dashboard.ftl"("es_MX", UTF-8, parsed) from "jar:file:/C:/Users/rperaltr/.m2/repository/com/aventstack/extentreports/5.1.2/extentreports-5.1.2.jar!/com/aventstack/extentreports/templates/spark/partials/dashboard.ftl"
2026-06-26 00:52:11 [main] DEBUG freemarker.cache - Couldn't find template in cache for "spark/partials/scripts.ftl"("es_MX", UTF-8, parsed); will try to load it.
2026-06-26 00:52:11 [main] DEBUG freemarker.cache - TemplateLoader.findTemplateSource("spark/partials/scripts_es_MX.ftl"): Not found
2026-06-26 00:52:11 [main] DEBUG freemarker.cache - TemplateLoader.findTemplateSource("spark/partials/scripts_es.ftl"): Not found
2026-06-26 00:52:11 [main] DEBUG freemarker.cache - TemplateLoader.findTemplateSource("spark/partials/scripts.ftl"): Found
2026-06-26 00:52:11 [main] DEBUG freemarker.cache - Loading template for "spark/partials/scripts.ftl"("es_MX", UTF-8, parsed) from "jar:file:/C:/Users/rperaltr/.m2/repository/com/aventstack/extentreports/5.1.2/extentreports-5.1.2.jar!/com/aventstack/extentreports/templates/spark/partials/scripts.ftl"
2026-06-26 00:52:11 [main] DEBUG freemarker.cache - Couldn't find template in cache for "commons/commons-inject-js.ftl"("es_MX", UTF-8, parsed); will try to load it.
2026-06-26 00:52:11 [main] DEBUG freemarker.cache - TemplateLoader.findTemplateSource("commons/commons-inject-js_es_MX.ftl"): Not found
2026-06-26 00:52:11 [main] DEBUG freemarker.cache - TemplateLoader.findTemplateSource("commons/commons-inject-js_es.ftl"): Not found
2026-06-26 00:52:11 [main] DEBUG freemarker.cache - TemplateLoader.findTemplateSource("commons/commons-inject-js.ftl"): Found
2026-06-26 00:52:11 [main] DEBUG freemarker.cache - Loading template for "commons/commons-inject-js.ftl"("es_MX", UTF-8, parsed) from "jar:file:/C:/Users/rperaltr/.m2/repository/com/aventstack/extentreports/5.1.2/extentreports-5.1.2.jar!/com/aventstack/extentreports/templates/commons/commons-inject-js.ftl"
2026-06-26 00:57:31 [main] DEBUG freemarker.cache - Couldn't find template in cache for "spark/spark.spa.ftl"("es_MX", UTF-8, parsed); will try to load it.
2026-06-26 00:57:31 [main] DEBUG freemarker.cache - TemplateLoader.findTemplateSource("spark/spark.spa_es_MX.ftl"): Not found
2026-06-26 00:57:31 [main] DEBUG freemarker.cache - TemplateLoader.findTemplateSource("spark/spark.spa_es.ftl"): Not found
2026-06-26 00:57:31 [main] DEBUG freemarker.cache - TemplateLoader.findTemplateSource("spark/spark.spa.ftl"): Found
2026-06-26 00:57:31 [main] DEBUG freemarker.cache - Loading template for "spark/spark.spa.ftl"("es_MX", UTF-8, parsed) from "jar:file:/C:/Users/rperaltr/.m2/repository/com/aventstack/extentreports/5.1.2/extentreports-5.1.2.jar!/com/aventstack/extentreports/templates/spark/spark.spa.ftl"
2026-06-26 00:57:32 [main] DEBUG freemarker.cache - Couldn't find template in cache for "commons/commons-variables.ftl"("es_MX", UTF-8, parsed); will try to load it.
2026-06-26 00:57:32 [main] DEBUG freemarker.cache - TemplateLoader.findTemplateSource("commons/commons-variables_es_MX.ftl"): Not found
2026-06-26 00:57:32 [main] DEBUG freemarker.cache - TemplateLoader.findTemplateSource("commons/commons-variables_es.ftl"): Not found
2026-06-26 00:57:32 [main] DEBUG freemarker.cache - TemplateLoader.findTemplateSource("commons/commons-variables.ftl"): Found
2026-06-26 00:57:32 [main] DEBUG freemarker.cache - Loading template for "commons/commons-variables.ftl"("es_MX", UTF-8, parsed) from "jar:file:/C:/Users/rperaltr/.m2/repository/com/aventstack/extentreports/5.1.2/extentreports-5.1.2.jar!/com/aventstack/extentreports/templates/commons/commons-variables.ftl"
2026-06-26 00:57:32 [main] DEBUG freemarker.cache - Couldn't find template in cache for "commons/commons-macros.ftl"("es_MX", UTF-8, parsed); will try to load it.
2026-06-26 00:57:32 [main] DEBUG freemarker.cache - TemplateLoader.findTemplateSource("commons/commons-macros_es_MX.ftl"): Not found
2026-06-26 00:57:32 [main] DEBUG freemarker.cache - TemplateLoader.findTemplateSource("commons/commons-macros_es.ftl"): Not found
2026-06-26 00:57:32 [main] DEBUG freemarker.cache - TemplateLoader.findTemplateSource("commons/commons-macros.ftl"): Found
2026-06-26 00:57:32 [main] DEBUG freemarker.cache - Loading template for "commons/commons-macros.ftl"("es_MX", UTF-8, parsed) from "jar:file:/C:/Users/rperaltr/.m2/repository/com/aventstack/extentreports/5.1.2/extentreports-5.1.2.jar!/com/aventstack/extentreports/templates/commons/commons-macros.ftl"
2026-06-26 00:57:32 [main] DEBUG freemarker.cache - Couldn't find template in cache for "spark/macros/attributes.ftl"("es_MX", UTF-8, parsed); will try to load it.
2026-06-26 00:57:32 [main] DEBUG freemarker.cache - TemplateLoader.findTemplateSource("spark/macros/attributes_es_MX.ftl"): Not found
2026-06-26 00:57:32 [main] DEBUG freemarker.cache - TemplateLoader.findTemplateSource("spark/macros/attributes_es.ftl"): Not found
2026-06-26 00:57:32 [main] DEBUG freemarker.cache - TemplateLoader.findTemplateSource("spark/macros/attributes.ftl"): Found
2026-06-26 00:57:32 [main] DEBUG freemarker.cache - Loading template for "spark/macros/attributes.ftl"("es_MX", UTF-8, parsed) from "jar:file:/C:/Users/rperaltr/.m2/repository/com/aventstack/extentreports/5.1.2/extentreports-5.1.2.jar!/com/aventstack/extentreports/templates/spark/macros/attributes.ftl"
2026-06-26 00:57:32 [main] DEBUG freemarker.cache - Couldn't find template in cache for "spark/macros/log.ftl"("es_MX", UTF-8, parsed); will try to load it.
2026-06-26 00:57:32 [main] DEBUG freemarker.cache - TemplateLoader.findTemplateSource("spark/macros/log_es_MX.ftl"): Not found
2026-06-26 00:57:32 [main] DEBUG freemarker.cache - TemplateLoader.findTemplateSource("spark/macros/log_es.ftl"): Not found
2026-06-26 00:57:32 [main] DEBUG freemarker.cache - TemplateLoader.findTemplateSource("spark/macros/log.ftl"): Found
2026-06-26 00:57:32 [main] DEBUG freemarker.cache - Loading template for "spark/macros/log.ftl"("es_MX", UTF-8, parsed) from "jar:file:/C:/Users/rperaltr/.m2/repository/com/aventstack/extentreports/5.1.2/extentreports-5.1.2.jar!/com/aventstack/extentreports/templates/spark/macros/log.ftl"
2026-06-26 00:57:32 [main] DEBUG freemarker.cache - Couldn't find template in cache for "spark/macros/recurse_nodes.ftl"("es_MX", UTF-8, parsed); will try to load it.
2026-06-26 00:57:32 [main] DEBUG freemarker.cache - TemplateLoader.findTemplateSource("spark/macros/recurse_nodes_es_MX.ftl"): Not found
2026-06-26 00:57:32 [main] DEBUG freemarker.cache - TemplateLoader.findTemplateSource("spark/macros/recurse_nodes_es.ftl"): Not found
2026-06-26 00:57:32 [main] DEBUG freemarker.cache - TemplateLoader.findTemplateSource("spark/macros/recurse_nodes.ftl"): Found
2026-06-26 00:57:32 [main] DEBUG freemarker.cache - Loading template for "spark/macros/recurse_nodes.ftl"("es_MX", UTF-8, parsed) from "jar:file:/C:/Users/rperaltr/.m2/repository/com/aventstack/extentreports/5.1.2/extentreports-5.1.2.jar!/com/aventstack/extentreports/templates/spark/macros/recurse_nodes.ftl"
2026-06-26 00:57:32 [main] DEBUG freemarker.cache - "spark/macros/log.ftl"("es_MX", UTF-8, parsed) cached copy not yet stale; using cached.
2026-06-26 00:57:32 [main] DEBUG freemarker.cache - Couldn't find template in cache for "spark/macros/attr-common.ftl"("es_MX", UTF-8, parsed); will try to load it.
2026-06-26 00:57:32 [main] DEBUG freemarker.cache - TemplateLoader.findTemplateSource("spark/macros/attr-common_es_MX.ftl"): Not found
2026-06-26 00:57:32 [main] DEBUG freemarker.cache - TemplateLoader.findTemplateSource("spark/macros/attr-common_es.ftl"): Not found
2026-06-26 00:57:32 [main] DEBUG freemarker.cache - TemplateLoader.findTemplateSource("spark/macros/attr-common.ftl"): Found
2026-06-26 00:57:32 [main] DEBUG freemarker.cache - Loading template for "spark/macros/attr-common.ftl"("es_MX", UTF-8, parsed) from "jar:file:/C:/Users/rperaltr/.m2/repository/com/aventstack/extentreports/5.1.2/extentreports-5.1.2.jar!/com/aventstack/extentreports/templates/spark/macros/attr-common.ftl"
2026-06-26 00:57:32 [main] DEBUG freemarker.cache - Couldn't find template in cache for "spark/partials/head.ftl"("es_MX", UTF-8, parsed); will try to load it.
2026-06-26 00:57:32 [main] DEBUG freemarker.cache - TemplateLoader.findTemplateSource("spark/partials/head_es_MX.ftl"): Not found
2026-06-26 00:57:32 [main] DEBUG freemarker.cache - TemplateLoader.findTemplateSource("spark/partials/head_es.ftl"): Not found
2026-06-26 00:57:32 [main] DEBUG freemarker.cache - TemplateLoader.findTemplateSource("spark/partials/head.ftl"): Found
2026-06-26 00:57:32 [main] DEBUG freemarker.cache - Loading template for "spark/partials/head.ftl"("es_MX", UTF-8, parsed) from "jar:file:/C:/Users/rperaltr/.m2/repository/com/aventstack/extentreports/5.1.2/extentreports-5.1.2.jar!/com/aventstack/extentreports/templates/spark/partials/head.ftl"
2026-06-26 00:57:32 [main] DEBUG freemarker.cache - Couldn't find template in cache for "commons/commons-inject-css.ftl"("es_MX", UTF-8, parsed); will try to load it.
2026-06-26 00:57:32 [main] DEBUG freemarker.cache - TemplateLoader.findTemplateSource("commons/commons-inject-css_es_MX.ftl"): Not found
2026-06-26 00:57:32 [main] DEBUG freemarker.cache - TemplateLoader.findTemplateSource("commons/commons-inject-css_es.ftl"): Not found
2026-06-26 00:57:32 [main] DEBUG freemarker.cache - TemplateLoader.findTemplateSource("commons/commons-inject-css.ftl"): Found
2026-06-26 00:57:32 [main] DEBUG freemarker.cache - Loading template for "commons/commons-inject-css.ftl"("es_MX", UTF-8, parsed) from "jar:file:/C:/Users/rperaltr/.m2/repository/com/aventstack/extentreports/5.1.2/extentreports-5.1.2.jar!/com/aventstack/extentreports/templates/commons/commons-inject-css.ftl"
2026-06-26 00:57:32 [main] DEBUG freemarker.cache - Couldn't find template in cache for "spark/partials/navbar.ftl"("es_MX", UTF-8, parsed); will try to load it.
2026-06-26 00:57:32 [main] DEBUG freemarker.cache - TemplateLoader.findTemplateSource("spark/partials/navbar_es_MX.ftl"): Not found
2026-06-26 00:57:32 [main] DEBUG freemarker.cache - TemplateLoader.findTemplateSource("spark/partials/navbar_es.ftl"): Not found
2026-06-26 00:57:32 [main] DEBUG freemarker.cache - TemplateLoader.findTemplateSource("spark/partials/navbar.ftl"): Found
2026-06-26 00:57:32 [main] DEBUG freemarker.cache - Loading template for "spark/partials/navbar.ftl"("es_MX", UTF-8, parsed) from "jar:file:/C:/Users/rperaltr/.m2/repository/com/aventstack/extentreports/5.1.2/extentreports-5.1.2.jar!/com/aventstack/extentreports/templates/spark/partials/navbar.ftl"
2026-06-26 00:57:32 [main] DEBUG freemarker.cache - Couldn't find template in cache for "spark/partials/sidenav.ftl"("es_MX", UTF-8, parsed); will try to load it.
2026-06-26 00:57:32 [main] DEBUG freemarker.cache - TemplateLoader.findTemplateSource("spark/partials/sidenav_es_MX.ftl"): Not found
2026-06-26 00:57:32 [main] DEBUG freemarker.cache - TemplateLoader.findTemplateSource("spark/partials/sidenav_es.ftl"): Not found
2026-06-26 00:57:32 [main] DEBUG freemarker.cache - TemplateLoader.findTemplateSource("spark/partials/sidenav.ftl"): Found
2026-06-26 00:57:32 [main] DEBUG freemarker.cache - Loading template for "spark/partials/sidenav.ftl"("es_MX", UTF-8, parsed) from "jar:file:/C:/Users/rperaltr/.m2/repository/com/aventstack/extentreports/5.1.2/extentreports-5.1.2.jar!/com/aventstack/extentreports/templates/spark/partials/sidenav.ftl"
2026-06-26 00:57:32 [main] DEBUG freemarker.cache - Couldn't find template in cache for "spark/partials/test.ftl"("es_MX", UTF-8, parsed); will try to load it.
2026-06-26 00:57:32 [main] DEBUG freemarker.cache - TemplateLoader.findTemplateSource("spark/partials/test_es_MX.ftl"): Not found
2026-06-26 00:57:32 [main] DEBUG freemarker.cache - TemplateLoader.findTemplateSource("spark/partials/test_es.ftl"): Not found
2026-06-26 00:57:32 [main] DEBUG freemarker.cache - TemplateLoader.findTemplateSource("spark/partials/test.ftl"): Found
2026-06-26 00:57:32 [main] DEBUG freemarker.cache - Loading template for "spark/partials/test.ftl"("es_MX", UTF-8, parsed) from "jar:file:/C:/Users/rperaltr/.m2/repository/com/aventstack/extentreports/5.1.2/extentreports-5.1.2.jar!/com/aventstack/extentreports/templates/spark/partials/test.ftl"
2026-06-26 00:57:32 [main] DEBUG freemarker.cache - Couldn't find template in cache for "spark/partials/standard-content.ftl"("es_MX", UTF-8, parsed); will try to load it.
2026-06-26 00:57:32 [main] DEBUG freemarker.cache - TemplateLoader.findTemplateSource("spark/partials/standard-content_es_MX.ftl"): Not found
2026-06-26 00:57:32 [main] DEBUG freemarker.cache - TemplateLoader.findTemplateSource("spark/partials/standard-content_es.ftl"): Not found
2026-06-26 00:57:32 [main] DEBUG freemarker.cache - TemplateLoader.findTemplateSource("spark/partials/standard-content.ftl"): Found
2026-06-26 00:57:32 [main] DEBUG freemarker.cache - Loading template for "spark/partials/standard-content.ftl"("es_MX", UTF-8, parsed) from "jar:file:/C:/Users/rperaltr/.m2/repository/com/aventstack/extentreports/5.1.2/extentreports-5.1.2.jar!/com/aventstack/extentreports/templates/spark/partials/standard-content.ftl"
2026-06-26 00:57:32 [main] DEBUG freemarker.cache - Couldn't find template in cache for "spark/partials/exception.ftl"("es_MX", UTF-8, parsed); will try to load it.
2026-06-26 00:57:32 [main] DEBUG freemarker.cache - TemplateLoader.findTemplateSource("spark/partials/exception_es_MX.ftl"): Not found
2026-06-26 00:57:32 [main] DEBUG freemarker.cache - TemplateLoader.findTemplateSource("spark/partials/exception_es.ftl"): Not found
2026-06-26 00:57:32 [main] DEBUG freemarker.cache - TemplateLoader.findTemplateSource("spark/partials/exception.ftl"): Found
2026-06-26 00:57:32 [main] DEBUG freemarker.cache - Loading template for "spark/partials/exception.ftl"("es_MX", UTF-8, parsed) from "jar:file:/C:/Users/rperaltr/.m2/repository/com/aventstack/extentreports/5.1.2/extentreports-5.1.2.jar!/com/aventstack/extentreports/templates/spark/partials/exception.ftl"
2026-06-26 00:57:32 [main] DEBUG freemarker.cache - Couldn't find template in cache for "spark/partials/category.ftl"("es_MX", UTF-8, parsed); will try to load it.
2026-06-26 00:57:32 [main] DEBUG freemarker.cache - TemplateLoader.findTemplateSource("spark/partials/category_es_MX.ftl"): Not found
2026-06-26 00:57:32 [main] DEBUG freemarker.cache - TemplateLoader.findTemplateSource("spark/partials/category_es.ftl"): Not found
2026-06-26 00:57:32 [main] DEBUG freemarker.cache - TemplateLoader.findTemplateSource("spark/partials/category.ftl"): Found
2026-06-26 00:57:32 [main] DEBUG freemarker.cache - Loading template for "spark/partials/category.ftl"("es_MX", UTF-8, parsed) from "jar:file:/C:/Users/rperaltr/.m2/repository/com/aventstack/extentreports/5.1.2/extentreports-5.1.2.jar!/com/aventstack/extentreports/templates/spark/partials/category.ftl"
2026-06-26 00:57:32 [main] DEBUG freemarker.cache - Couldn't find template in cache for "spark/partials/device.ftl"("es_MX", UTF-8, parsed); will try to load it.
2026-06-26 00:57:32 [main] DEBUG freemarker.cache - TemplateLoader.findTemplateSource("spark/partials/device_es_MX.ftl"): Not found
2026-06-26 00:57:32 [main] DEBUG freemarker.cache - TemplateLoader.findTemplateSource("spark/partials/device_es.ftl"): Not found
2026-06-26 00:57:32 [main] DEBUG freemarker.cache - TemplateLoader.findTemplateSource("spark/partials/device.ftl"): Found
2026-06-26 00:57:32 [main] DEBUG freemarker.cache - Loading template for "spark/partials/device.ftl"("es_MX", UTF-8, parsed) from "jar:file:/C:/Users/rperaltr/.m2/repository/com/aventstack/extentreports/5.1.2/extentreports-5.1.2.jar!/com/aventstack/extentreports/templates/spark/partials/device.ftl"
2026-06-26 00:57:32 [main] DEBUG freemarker.cache - Couldn't find template in cache for "spark/partials/author.ftl"("es_MX", UTF-8, parsed); will try to load it.
2026-06-26 00:57:32 [main] DEBUG freemarker.cache - TemplateLoader.findTemplateSource("spark/partials/author_es_MX.ftl"): Not found
2026-06-26 00:57:32 [main] DEBUG freemarker.cache - TemplateLoader.findTemplateSource("spark/partials/author_es.ftl"): Not found
2026-06-26 00:57:32 [main] DEBUG freemarker.cache - TemplateLoader.findTemplateSource("spark/partials/author.ftl"): Found
2026-06-26 00:57:32 [main] DEBUG freemarker.cache - Loading template for "spark/partials/author.ftl"("es_MX", UTF-8, parsed) from "jar:file:/C:/Users/rperaltr/.m2/repository/com/aventstack/extentreports/5.1.2/extentreports-5.1.2.jar!/com/aventstack/extentreports/templates/spark/partials/author.ftl"
2026-06-26 00:57:32 [main] DEBUG freemarker.cache - Couldn't find template in cache for "spark/partials/log.ftl"("es_MX", UTF-8, parsed); will try to load it.
2026-06-26 00:57:32 [main] DEBUG freemarker.cache - TemplateLoader.findTemplateSource("spark/partials/log_es_MX.ftl"): Not found
2026-06-26 00:57:32 [main] DEBUG freemarker.cache - TemplateLoader.findTemplateSource("spark/partials/log_es.ftl"): Not found
2026-06-26 00:57:32 [main] DEBUG freemarker.cache - TemplateLoader.findTemplateSource("spark/partials/log.ftl"): Found
2026-06-26 00:57:32 [main] DEBUG freemarker.cache - Loading template for "spark/partials/log.ftl"("es_MX", UTF-8, parsed) from "jar:file:/C:/Users/rperaltr/.m2/repository/com/aventstack/extentreports/5.1.2/extentreports-5.1.2.jar!/com/aventstack/extentreports/templates/spark/partials/log.ftl"
2026-06-26 00:57:32 [main] DEBUG freemarker.cache - Couldn't find template in cache for "spark/partials/dashboard.ftl"("es_MX", UTF-8, parsed); will try to load it.
2026-06-26 00:57:32 [main] DEBUG freemarker.cache - TemplateLoader.findTemplateSource("spark/partials/dashboard_es_MX.ftl"): Not found
2026-06-26 00:57:32 [main] DEBUG freemarker.cache - TemplateLoader.findTemplateSource("spark/partials/dashboard_es.ftl"): Not found
2026-06-26 00:57:32 [main] DEBUG freemarker.cache - TemplateLoader.findTemplateSource("spark/partials/dashboard.ftl"): Found
2026-06-26 00:57:32 [main] DEBUG freemarker.cache - Loading template for "spark/partials/dashboard.ftl"("es_MX", UTF-8, parsed) from "jar:file:/C:/Users/rperaltr/.m2/repository/com/aventstack/extentreports/5.1.2/extentreports-5.1.2.jar!/com/aventstack/extentreports/templates/spark/partials/dashboard.ftl"
2026-06-26 00:57:32 [main] DEBUG freemarker.cache - Couldn't find template in cache for "spark/partials/scripts.ftl"("es_MX", UTF-8, parsed); will try to load it.
2026-06-26 00:57:32 [main] DEBUG freemarker.cache - TemplateLoader.findTemplateSource("spark/partials/scripts_es_MX.ftl"): Not found
2026-06-26 00:57:32 [main] DEBUG freemarker.cache - TemplateLoader.findTemplateSource("spark/partials/scripts_es.ftl"): Not found
2026-06-26 00:57:32 [main] DEBUG freemarker.cache - TemplateLoader.findTemplateSource("spark/partials/scripts.ftl"): Found
2026-06-26 00:57:32 [main] DEBUG freemarker.cache - Loading template for "spark/partials/scripts.ftl"("es_MX", UTF-8, parsed) from "jar:file:/C:/Users/rperaltr/.m2/repository/com/aventstack/extentreports/5.1.2/extentreports-5.1.2.jar!/com/aventstack/extentreports/templates/spark/partials/scripts.ftl"
2026-06-26 00:57:32 [main] DEBUG freemarker.cache - Couldn't find template in cache for "commons/commons-inject-js.ftl"("es_MX", UTF-8, parsed); will try to load it.
2026-06-26 00:57:32 [main] DEBUG freemarker.cache - TemplateLoader.findTemplateSource("commons/commons-inject-js_es_MX.ftl"): Not found
2026-06-26 00:57:32 [main] DEBUG freemarker.cache - TemplateLoader.findTemplateSource("commons/commons-inject-js_es.ftl"): Not found
2026-06-26 00:57:32 [main] DEBUG freemarker.cache - TemplateLoader.findTemplateSource("commons/commons-inject-js.ftl"): Found
2026-06-26 00:57:32 [main] DEBUG freemarker.cache - Loading template for "commons/commons-inject-js.ftl"("es_MX", UTF-8, parsed) from "jar:file:/C:/Users/rperaltr/.m2/repository/com/aventstack/extentreports/5.1.2/extentreports-5.1.2.jar!/com/aventstack/extentreports/templates/commons/commons-inject-js.ftl"
2026-06-26 00:58:00 [main] DEBUG freemarker.cache - TemplateLoader.findTemplateSource("spark/spark.spa_es_MX.ftl"): Not found
2026-06-26 00:58:00 [main] DEBUG freemarker.cache - TemplateLoader.findTemplateSource("spark/spark.spa_es.ftl"): Not found
2026-06-26 00:58:00 [main] DEBUG freemarker.cache - TemplateLoader.findTemplateSource("spark/spark.spa.ftl"): Found
2026-06-26 00:58:00 [main] DEBUG freemarker.cache - "spark/spark.spa.ftl"("es_MX", UTF-8, parsed): using cached since jar:file:/C:/Users/rperaltr/.m2/repository/com/aventstack/extentreports/5.1.2/extentreports-5.1.2.jar!/com/aventstack/extentreports/templates/spark/spark.spa.ftl hasn't changed.
2026-06-26 00:58:00 [main] DEBUG freemarker.cache - TemplateLoader.findTemplateSource("commons/commons-variables_es_MX.ftl"): Not found
2026-06-26 00:58:00 [main] DEBUG freemarker.cache - TemplateLoader.findTemplateSource("commons/commons-variables_es.ftl"): Not found
2026-06-26 00:58:00 [main] DEBUG freemarker.cache - TemplateLoader.findTemplateSource("commons/commons-variables.ftl"): Found
2026-06-26 00:58:00 [main] DEBUG freemarker.cache - "commons/commons-variables.ftl"("es_MX", UTF-8, parsed): using cached since jar:file:/C:/Users/rperaltr/.m2/repository/com/aventstack/extentreports/5.1.2/extentreports-5.1.2.jar!/com/aventstack/extentreports/templates/commons/commons-variables.ftl hasn't changed.
2026-06-26 00:58:00 [main] DEBUG freemarker.cache - TemplateLoader.findTemplateSource("commons/commons-macros_es_MX.ftl"): Not found
2026-06-26 00:58:00 [main] DEBUG freemarker.cache - TemplateLoader.findTemplateSource("commons/commons-macros_es.ftl"): Not found
2026-06-26 00:58:00 [main] DEBUG freemarker.cache - TemplateLoader.findTemplateSource("commons/commons-macros.ftl"): Found
2026-06-26 00:58:00 [main] DEBUG freemarker.cache - "commons/commons-macros.ftl"("es_MX", UTF-8, parsed): using cached since jar:file:/C:/Users/rperaltr/.m2/repository/com/aventstack/extentreports/5.1.2/extentreports-5.1.2.jar!/com/aventstack/extentreports/templates/commons/commons-macros.ftl hasn't changed.
2026-06-26 00:58:00 [main] DEBUG freemarker.cache - TemplateLoader.findTemplateSource("spark/macros/attributes_es_MX.ftl"): Not found
2026-06-26 00:58:00 [main] DEBUG freemarker.cache - TemplateLoader.findTemplateSource("spark/macros/attributes_es.ftl"): Not found
2026-06-26 00:58:00 [main] DEBUG freemarker.cache - TemplateLoader.findTemplateSource("spark/macros/attributes.ftl"): Found
2026-06-26 00:58:00 [main] DEBUG freemarker.cache - "spark/macros/attributes.ftl"("es_MX", UTF-8, parsed): using cached since jar:file:/C:/Users/rperaltr/.m2/repository/com/aventstack/extentreports/5.1.2/extentreports-5.1.2.jar!/com/aventstack/extentreports/templates/spark/macros/attributes.ftl hasn't changed.
2026-06-26 00:58:00 [main] DEBUG freemarker.cache - TemplateLoader.findTemplateSource("spark/macros/log_es_MX.ftl"): Not found
2026-06-26 00:58:00 [main] DEBUG freemarker.cache - TemplateLoader.findTemplateSource("spark/macros/log_es.ftl"): Not found
2026-06-26 00:58:00 [main] DEBUG freemarker.cache - TemplateLoader.findTemplateSource("spark/macros/log.ftl"): Found
2026-06-26 00:58:00 [main] DEBUG freemarker.cache - "spark/macros/log.ftl"("es_MX", UTF-8, parsed): using cached since jar:file:/C:/Users/rperaltr/.m2/repository/com/aventstack/extentreports/5.1.2/extentreports-5.1.2.jar!/com/aventstack/extentreports/templates/spark/macros/log.ftl hasn't changed.
2026-06-26 00:58:00 [main] DEBUG freemarker.cache - TemplateLoader.findTemplateSource("spark/macros/recurse_nodes_es_MX.ftl"): Not found
2026-06-26 00:58:00 [main] DEBUG freemarker.cache - TemplateLoader.findTemplateSource("spark/macros/recurse_nodes_es.ftl"): Not found
2026-06-26 00:58:00 [main] DEBUG freemarker.cache - TemplateLoader.findTemplateSource("spark/macros/recurse_nodes.ftl"): Found
2026-06-26 00:58:00 [main] DEBUG freemarker.cache - "spark/macros/recurse_nodes.ftl"("es_MX", UTF-8, parsed): using cached since jar:file:/C:/Users/rperaltr/.m2/repository/com/aventstack/extentreports/5.1.2/extentreports-5.1.2.jar!/com/aventstack/extentreports/templates/spark/macros/recurse_nodes.ftl hasn't changed.
2026-06-26 00:58:00 [main] DEBUG freemarker.cache - "spark/macros/log.ftl"("es_MX", UTF-8, parsed) cached copy not yet stale; using cached.
2026-06-26 00:58:00 [main] DEBUG freemarker.cache - TemplateLoader.findTemplateSource("spark/macros/attr-common_es_MX.ftl"): Not found
2026-06-26 00:58:00 [main] DEBUG freemarker.cache - TemplateLoader.findTemplateSource("spark/macros/attr-common_es.ftl"): Not found
2026-06-26 00:58:00 [main] DEBUG freemarker.cache - TemplateLoader.findTemplateSource("spark/macros/attr-common.ftl"): Found
2026-06-26 00:58:00 [main] DEBUG freemarker.cache - "spark/macros/attr-common.ftl"("es_MX", UTF-8, parsed): using cached since jar:file:/C:/Users/rperaltr/.m2/repository/com/aventstack/extentreports/5.1.2/extentreports-5.1.2.jar!/com/aventstack/extentreports/templates/spark/macros/attr-common.ftl hasn't changed.
2026-06-26 00:58:00 [main] DEBUG freemarker.cache - TemplateLoader.findTemplateSource("spark/partials/head_es_MX.ftl"): Not found
2026-06-26 00:58:00 [main] DEBUG freemarker.cache - TemplateLoader.findTemplateSource("spark/partials/head_es.ftl"): Not found
2026-06-26 00:58:00 [main] DEBUG freemarker.cache - TemplateLoader.findTemplateSource("spark/partials/head.ftl"): Found
2026-06-26 00:58:00 [main] DEBUG freemarker.cache - "spark/partials/head.ftl"("es_MX", UTF-8, parsed): using cached since jar:file:/C:/Users/rperaltr/.m2/repository/com/aventstack/extentreports/5.1.2/extentreports-5.1.2.jar!/com/aventstack/extentreports/templates/spark/partials/head.ftl hasn't changed.
2026-06-26 00:58:00 [main] DEBUG freemarker.cache - TemplateLoader.findTemplateSource("commons/commons-inject-css_es_MX.ftl"): Not found
2026-06-26 00:58:00 [main] DEBUG freemarker.cache - TemplateLoader.findTemplateSource("commons/commons-inject-css_es.ftl"): Not found
2026-06-26 00:58:00 [main] DEBUG freemarker.cache - TemplateLoader.findTemplateSource("commons/commons-inject-css.ftl"): Found
2026-06-26 00:58:00 [main] DEBUG freemarker.cache - "commons/commons-inject-css.ftl"("es_MX", UTF-8, parsed): using cached since jar:file:/C:/Users/rperaltr/.m2/repository/com/aventstack/extentreports/5.1.2/extentreports-5.1.2.jar!/com/aventstack/extentreports/templates/commons/commons-inject-css.ftl hasn't changed.
2026-06-26 00:58:00 [main] DEBUG freemarker.cache - TemplateLoader.findTemplateSource("spark/partials/navbar_es_MX.ftl"): Not found
2026-06-26 00:58:00 [main] DEBUG freemarker.cache - TemplateLoader.findTemplateSource("spark/partials/navbar_es.ftl"): Not found
2026-06-26 00:58:00 [main] DEBUG freemarker.cache - TemplateLoader.findTemplateSource("spark/partials/navbar.ftl"): Found
2026-06-26 00:58:00 [main] DEBUG freemarker.cache - "spark/partials/navbar.ftl"("es_MX", UTF-8, parsed): using cached since jar:file:/C:/Users/rperaltr/.m2/repository/com/aventstack/extentreports/5.1.2/extentreports-5.1.2.jar!/com/aventstack/extentreports/templates/spark/partials/navbar.ftl hasn't changed.
2026-06-26 00:58:00 [main] DEBUG freemarker.cache - TemplateLoader.findTemplateSource("spark/partials/sidenav_es_MX.ftl"): Not found
2026-06-26 00:58:00 [main] DEBUG freemarker.cache - TemplateLoader.findTemplateSource("spark/partials/sidenav_es.ftl"): Not found
2026-06-26 00:58:00 [main] DEBUG freemarker.cache - TemplateLoader.findTemplateSource("spark/partials/sidenav.ftl"): Found
2026-06-26 00:58:00 [main] DEBUG freemarker.cache - "spark/partials/sidenav.ftl"("es_MX", UTF-8, parsed): using cached since jar:file:/C:/Users/rperaltr/.m2/repository/com/aventstack/extentreports/5.1.2/extentreports-5.1.2.jar!/com/aventstack/extentreports/templates/spark/partials/sidenav.ftl hasn't changed.
2026-06-26 00:58:00 [main] DEBUG freemarker.cache - TemplateLoader.findTemplateSource("spark/partials/test_es_MX.ftl"): Not found
2026-06-26 00:58:00 [main] DEBUG freemarker.cache - TemplateLoader.findTemplateSource("spark/partials/test_es.ftl"): Not found
2026-06-26 00:58:00 [main] DEBUG freemarker.cache - TemplateLoader.findTemplateSource("spark/partials/test.ftl"): Found
2026-06-26 00:58:00 [main] DEBUG freemarker.cache - "spark/partials/test.ftl"("es_MX", UTF-8, parsed): using cached since jar:file:/C:/Users/rperaltr/.m2/repository/com/aventstack/extentreports/5.1.2/extentreports-5.1.2.jar!/com/aventstack/extentreports/templates/spark/partials/test.ftl hasn't changed.
2026-06-26 00:58:00 [main] DEBUG freemarker.cache - TemplateLoader.findTemplateSource("spark/partials/standard-content_es_MX.ftl"): Not found
2026-06-26 00:58:00 [main] DEBUG freemarker.cache - TemplateLoader.findTemplateSource("spark/partials/standard-content_es.ftl"): Not found
2026-06-26 00:58:00 [main] DEBUG freemarker.cache - TemplateLoader.findTemplateSource("spark/partials/standard-content.ftl"): Found
2026-06-26 00:58:00 [main] DEBUG freemarker.cache - "spark/partials/standard-content.ftl"("es_MX", UTF-8, parsed): using cached since jar:file:/C:/Users/rperaltr/.m2/repository/com/aventstack/extentreports/5.1.2/extentreports-5.1.2.jar!/com/aventstack/extentreports/templates/spark/partials/standard-content.ftl hasn't changed.
2026-06-26 00:58:00 [main] DEBUG freemarker.cache - "spark/partials/standard-content.ftl"("es_MX", UTF-8, parsed) cached copy not yet stale; using cached.
2026-06-26 00:58:00 [main] DEBUG freemarker.cache - TemplateLoader.findTemplateSource("spark/partials/exception_es_MX.ftl"): Not found
2026-06-26 00:58:00 [main] DEBUG freemarker.cache - TemplateLoader.findTemplateSource("spark/partials/exception_es.ftl"): Not found
2026-06-26 00:58:00 [main] DEBUG freemarker.cache - TemplateLoader.findTemplateSource("spark/partials/exception.ftl"): Found
2026-06-26 00:58:00 [main] DEBUG freemarker.cache - "spark/partials/exception.ftl"("es_MX", UTF-8, parsed): using cached since jar:file:/C:/Users/rperaltr/.m2/repository/com/aventstack/extentreports/5.1.2/extentreports-5.1.2.jar!/com/aventstack/extentreports/templates/spark/partials/exception.ftl hasn't changed.
2026-06-26 00:58:00 [main] DEBUG freemarker.cache - TemplateLoader.findTemplateSource("spark/partials/category_es_MX.ftl"): Not found
2026-06-26 00:58:00 [main] DEBUG freemarker.cache - TemplateLoader.findTemplateSource("spark/partials/category_es.ftl"): Not found
2026-06-26 00:58:00 [main] DEBUG freemarker.cache - TemplateLoader.findTemplateSource("spark/partials/category.ftl"): Found
2026-06-26 00:58:00 [main] DEBUG freemarker.cache - "spark/partials/category.ftl"("es_MX", UTF-8, parsed): using cached since jar:file:/C:/Users/rperaltr/.m2/repository/com/aventstack/extentreports/5.1.2/extentreports-5.1.2.jar!/com/aventstack/extentreports/templates/spark/partials/category.ftl hasn't changed.
2026-06-26 00:58:00 [main] DEBUG freemarker.cache - TemplateLoader.findTemplateSource("spark/partials/device_es_MX.ftl"): Not found
2026-06-26 00:58:00 [main] DEBUG freemarker.cache - TemplateLoader.findTemplateSource("spark/partials/device_es.ftl"): Not found
2026-06-26 00:58:00 [main] DEBUG freemarker.cache - TemplateLoader.findTemplateSource("spark/partials/device.ftl"): Found
2026-06-26 00:58:00 [main] DEBUG freemarker.cache - "spark/partials/device.ftl"("es_MX", UTF-8, parsed): using cached since jar:file:/C:/Users/rperaltr/.m2/repository/com/aventstack/extentreports/5.1.2/extentreports-5.1.2.jar!/com/aventstack/extentreports/templates/spark/partials/device.ftl hasn't changed.
2026-06-26 00:58:00 [main] DEBUG freemarker.cache - TemplateLoader.findTemplateSource("spark/partials/author_es_MX.ftl"): Not found
2026-06-26 00:58:00 [main] DEBUG freemarker.cache - TemplateLoader.findTemplateSource("spark/partials/author_es.ftl"): Not found
2026-06-26 00:58:00 [main] DEBUG freemarker.cache - TemplateLoader.findTemplateSource("spark/partials/author.ftl"): Found
2026-06-26 00:58:00 [main] DEBUG freemarker.cache - "spark/partials/author.ftl"("es_MX", UTF-8, parsed): using cached since jar:file:/C:/Users/rperaltr/.m2/repository/com/aventstack/extentreports/5.1.2/extentreports-5.1.2.jar!/com/aventstack/extentreports/templates/spark/partials/author.ftl hasn't changed.
2026-06-26 00:58:00 [main] DEBUG freemarker.cache - TemplateLoader.findTemplateSource("spark/partials/log_es_MX.ftl"): Not found
2026-06-26 00:58:00 [main] DEBUG freemarker.cache - TemplateLoader.findTemplateSource("spark/partials/log_es.ftl"): Not found
2026-06-26 00:58:00 [main] DEBUG freemarker.cache - TemplateLoader.findTemplateSource("spark/partials/log.ftl"): Found
2026-06-26 00:58:00 [main] DEBUG freemarker.cache - "spark/partials/log.ftl"("es_MX", UTF-8, parsed): using cached since jar:file:/C:/Users/rperaltr/.m2/repository/com/aventstack/extentreports/5.1.2/extentreports-5.1.2.jar!/com/aventstack/extentreports/templates/spark/partials/log.ftl hasn't changed.
2026-06-26 00:58:00 [main] DEBUG freemarker.cache - TemplateLoader.findTemplateSource("spark/partials/dashboard_es_MX.ftl"): Not found
2026-06-26 00:58:00 [main] DEBUG freemarker.cache - TemplateLoader.findTemplateSource("spark/partials/dashboard_es.ftl"): Not found
2026-06-26 00:58:00 [main] DEBUG freemarker.cache - TemplateLoader.findTemplateSource("spark/partials/dashboard.ftl"): Found
2026-06-26 00:58:00 [main] DEBUG freemarker.cache - "spark/partials/dashboard.ftl"("es_MX", UTF-8, parsed): using cached since jar:file:/C:/Users/rperaltr/.m2/repository/com/aventstack/extentreports/5.1.2/extentreports-5.1.2.jar!/com/aventstack/extentreports/templates/spark/partials/dashboard.ftl hasn't changed.
2026-06-26 00:58:00 [main] DEBUG freemarker.cache - TemplateLoader.findTemplateSource("spark/partials/scripts_es_MX.ftl"): Not found
2026-06-26 00:58:00 [main] DEBUG freemarker.cache - TemplateLoader.findTemplateSource("spark/partials/scripts_es.ftl"): Not found
2026-06-26 00:58:00 [main] DEBUG freemarker.cache - TemplateLoader.findTemplateSource("spark/partials/scripts.ftl"): Found
2026-06-26 00:58:00 [main] DEBUG freemarker.cache - "spark/partials/scripts.ftl"("es_MX", UTF-8, parsed): using cached since jar:file:/C:/Users/rperaltr/.m2/repository/com/aventstack/extentreports/5.1.2/extentreports-5.1.2.jar!/com/aventstack/extentreports/templates/spark/partials/scripts.ftl hasn't changed.
2026-06-26 00:58:00 [main] DEBUG freemarker.cache - TemplateLoader.findTemplateSource("commons/commons-inject-js_es_MX.ftl"): Not found
2026-06-26 00:58:00 [main] DEBUG freemarker.cache - TemplateLoader.findTemplateSource("commons/commons-inject-js_es.ftl"): Not found
2026-06-26 00:58:00 [main] DEBUG freemarker.cache - TemplateLoader.findTemplateSource("commons/commons-inject-js.ftl"): Found
2026-06-26 00:58:00 [main] DEBUG freemarker.cache - "commons/commons-inject-js.ftl"("es_MX", UTF-8, parsed): using cached since jar:file:/C:/Users/rperaltr/.m2/repository/com/aventstack/extentreports/5.1.2/extentreports-5.1.2.jar!/com/aventstack/extentreports/templates/commons/commons-inject-js.ftl hasn't changed.
2026-06-26 00:58:24 [main] DEBUG freemarker.cache - TemplateLoader.findTemplateSource("spark/spark.spa_es_MX.ftl"): Not found
2026-06-26 00:58:24 [main] DEBUG freemarker.cache - TemplateLoader.findTemplateSource("spark/spark.spa_es.ftl"): Not found
2026-06-26 00:58:24 [main] DEBUG freemarker.cache - TemplateLoader.findTemplateSource("spark/spark.spa.ftl"): Found
2026-06-26 00:58:24 [main] DEBUG freemarker.cache - "spark/spark.spa.ftl"("es_MX", UTF-8, parsed): using cached since jar:file:/C:/Users/rperaltr/.m2/repository/com/aventstack/extentreports/5.1.2/extentreports-5.1.2.jar!/com/aventstack/extentreports/templates/spark/spark.spa.ftl hasn't changed.
2026-06-26 00:58:24 [main] DEBUG freemarker.cache - TemplateLoader.findTemplateSource("commons/commons-variables_es_MX.ftl"): Not found
2026-06-26 00:58:24 [main] DEBUG freemarker.cache - TemplateLoader.findTemplateSource("commons/commons-variables_es.ftl"): Not found
2026-06-26 00:58:24 [main] DEBUG freemarker.cache - TemplateLoader.findTemplateSource("commons/commons-variables.ftl"): Found
2026-06-26 00:58:24 [main] DEBUG freemarker.cache - "commons/commons-variables.ftl"("es_MX", UTF-8, parsed): using cached since jar:file:/C:/Users/rperaltr/.m2/repository/com/aventstack/extentreports/5.1.2/extentreports-5.1.2.jar!/com/aventstack/extentreports/templates/commons/commons-variables.ftl hasn't changed.
2026-06-26 00:58:24 [main] DEBUG freemarker.cache - TemplateLoader.findTemplateSource("commons/commons-macros_es_MX.ftl"): Not found
2026-06-26 00:58:24 [main] DEBUG freemarker.cache - TemplateLoader.findTemplateSource("commons/commons-macros_es.ftl"): Not found
2026-06-26 00:58:24 [main] DEBUG freemarker.cache - TemplateLoader.findTemplateSource("commons/commons-macros.ftl"): Found
2026-06-26 00:58:24 [main] DEBUG freemarker.cache - "commons/commons-macros.ftl"("es_MX", UTF-8, parsed): using cached since jar:file:/C:/Users/rperaltr/.m2/repository/com/aventstack/extentreports/5.1.2/extentreports-5.1.2.jar!/com/aventstack/extentreports/templates/commons/commons-macros.ftl hasn't changed.
2026-06-26 00:58:24 [main] DEBUG freemarker.cache - TemplateLoader.findTemplateSource("spark/macros/attributes_es_MX.ftl"): Not found
2026-06-26 00:58:24 [main] DEBUG freemarker.cache - TemplateLoader.findTemplateSource("spark/macros/attributes_es.ftl"): Not found
2026-06-26 00:58:24 [main] DEBUG freemarker.cache - TemplateLoader.findTemplateSource("spark/macros/attributes.ftl"): Found
2026-06-26 00:58:24 [main] DEBUG freemarker.cache - "spark/macros/attributes.ftl"("es_MX", UTF-8, parsed): using cached since jar:file:/C:/Users/rperaltr/.m2/repository/com/aventstack/extentreports/5.1.2/extentreports-5.1.2.jar!/com/aventstack/extentreports/templates/spark/macros/attributes.ftl hasn't changed.
2026-06-26 00:58:24 [main] DEBUG freemarker.cache - TemplateLoader.findTemplateSource("spark/macros/log_es_MX.ftl"): Not found
2026-06-26 00:58:24 [main] DEBUG freemarker.cache - TemplateLoader.findTemplateSource("spark/macros/log_es.ftl"): Not found
2026-06-26 00:58:24 [main] DEBUG freemarker.cache - TemplateLoader.findTemplateSource("spark/macros/log.ftl"): Found
2026-06-26 00:58:24 [main] DEBUG freemarker.cache - "spark/macros/log.ftl"("es_MX", UTF-8, parsed): using cached since jar:file:/C:/Users/rperaltr/.m2/repository/com/aventstack/extentreports/5.1.2/extentreports-5.1.2.jar!/com/aventstack/extentreports/templates/spark/macros/log.ftl hasn't changed.
2026-06-26 00:58:24 [main] DEBUG freemarker.cache - TemplateLoader.findTemplateSource("spark/macros/recurse_nodes_es_MX.ftl"): Not found
2026-06-26 00:58:24 [main] DEBUG freemarker.cache - TemplateLoader.findTemplateSource("spark/macros/recurse_nodes_es.ftl"): Not found
2026-06-26 00:58:24 [main] DEBUG freemarker.cache - TemplateLoader.findTemplateSource("spark/macros/recurse_nodes.ftl"): Found
2026-06-26 00:58:24 [main] DEBUG freemarker.cache - "spark/macros/recurse_nodes.ftl"("es_MX", UTF-8, parsed): using cached since jar:file:/C:/Users/rperaltr/.m2/repository/com/aventstack/extentreports/5.1.2/extentreports-5.1.2.jar!/com/aventstack/extentreports/templates/spark/macros/recurse_nodes.ftl hasn't changed.
2026-06-26 00:58:24 [main] DEBUG freemarker.cache - "spark/macros/log.ftl"("es_MX", UTF-8, parsed) cached copy not yet stale; using cached.
2026-06-26 00:58:24 [main] DEBUG freemarker.cache - TemplateLoader.findTemplateSource("spark/macros/attr-common_es_MX.ftl"): Not found
2026-06-26 00:58:24 [main] DEBUG freemarker.cache - TemplateLoader.findTemplateSource("spark/macros/attr-common_es.ftl"): Not found
2026-06-26 00:58:24 [main] DEBUG freemarker.cache - TemplateLoader.findTemplateSource("spark/macros/attr-common.ftl"): Found
2026-06-26 00:58:24 [main] DEBUG freemarker.cache - "spark/macros/attr-common.ftl"("es_MX", UTF-8, parsed): using cached since jar:file:/C:/Users/rperaltr/.m2/repository/com/aventstack/extentreports/5.1.2/extentreports-5.1.2.jar!/com/aventstack/extentreports/templates/spark/macros/attr-common.ftl hasn't changed.
2026-06-26 00:58:24 [main] DEBUG freemarker.cache - TemplateLoader.findTemplateSource("spark/partials/head_es_MX.ftl"): Not found
2026-06-26 00:58:24 [main] DEBUG freemarker.cache - TemplateLoader.findTemplateSource("spark/partials/head_es.ftl"): Not found
2026-06-26 00:58:24 [main] DEBUG freemarker.cache - TemplateLoader.findTemplateSource("spark/partials/head.ftl"): Found
2026-06-26 00:58:24 [main] DEBUG freemarker.cache - "spark/partials/head.ftl"("es_MX", UTF-8, parsed): using cached since jar:file:/C:/Users/rperaltr/.m2/repository/com/aventstack/extentreports/5.1.2/extentreports-5.1.2.jar!/com/aventstack/extentreports/templates/spark/partials/head.ftl hasn't changed.
2026-06-26 00:58:24 [main] DEBUG freemarker.cache - TemplateLoader.findTemplateSource("commons/commons-inject-css_es_MX.ftl"): Not found
2026-06-26 00:58:24 [main] DEBUG freemarker.cache - TemplateLoader.findTemplateSource("commons/commons-inject-css_es.ftl"): Not found
2026-06-26 00:58:24 [main] DEBUG freemarker.cache - TemplateLoader.findTemplateSource("commons/commons-inject-css.ftl"): Found
2026-06-26 00:58:24 [main] DEBUG freemarker.cache - "commons/commons-inject-css.ftl"("es_MX", UTF-8, parsed): using cached since jar:file:/C:/Users/rperaltr/.m2/repository/com/aventstack/extentreports/5.1.2/extentreports-5.1.2.jar!/com/aventstack/extentreports/templates/commons/commons-inject-css.ftl hasn't changed.
2026-06-26 00:58:24 [main] DEBUG freemarker.cache - TemplateLoader.findTemplateSource("spark/partials/navbar_es_MX.ftl"): Not found
2026-06-26 00:58:24 [main] DEBUG freemarker.cache - TemplateLoader.findTemplateSource("spark/partials/navbar_es.ftl"): Not found
2026-06-26 00:58:24 [main] DEBUG freemarker.cache - TemplateLoader.findTemplateSource("spark/partials/navbar.ftl"): Found
2026-06-26 00:58:24 [main] DEBUG freemarker.cache - "spark/partials/navbar.ftl"("es_MX", UTF-8, parsed): using cached since jar:file:/C:/Users/rperaltr/.m2/repository/com/aventstack/extentreports/5.1.2/extentreports-5.1.2.jar!/com/aventstack/extentreports/templates/spark/partials/navbar.ftl hasn't changed.
2026-06-26 00:58:24 [main] DEBUG freemarker.cache - TemplateLoader.findTemplateSource("spark/partials/sidenav_es_MX.ftl"): Not found
2026-06-26 00:58:24 [main] DEBUG freemarker.cache - TemplateLoader.findTemplateSource("spark/partials/sidenav_es.ftl"): Not found
2026-06-26 00:58:24 [main] DEBUG freemarker.cache - TemplateLoader.findTemplateSource("spark/partials/sidenav.ftl"): Found
2026-06-26 00:58:24 [main] DEBUG freemarker.cache - "spark/partials/sidenav.ftl"("es_MX", UTF-8, parsed): using cached since jar:file:/C:/Users/rperaltr/.m2/repository/com/aventstack/extentreports/5.1.2/extentreports-5.1.2.jar!/com/aventstack/extentreports/templates/spark/partials/sidenav.ftl hasn't changed.
2026-06-26 00:58:24 [main] DEBUG freemarker.cache - TemplateLoader.findTemplateSource("spark/partials/test_es_MX.ftl"): Not found
2026-06-26 00:58:24 [main] DEBUG freemarker.cache - TemplateLoader.findTemplateSource("spark/partials/test_es.ftl"): Not found
2026-06-26 00:58:24 [main] DEBUG freemarker.cache - TemplateLoader.findTemplateSource("spark/partials/test.ftl"): Found
2026-06-26 00:58:24 [main] DEBUG freemarker.cache - "spark/partials/test.ftl"("es_MX", UTF-8, parsed): using cached since jar:file:/C:/Users/rperaltr/.m2/repository/com/aventstack/extentreports/5.1.2/extentreports-5.1.2.jar!/com/aventstack/extentreports/templates/spark/partials/test.ftl hasn't changed.
2026-06-26 00:58:24 [main] DEBUG freemarker.cache - TemplateLoader.findTemplateSource("spark/partials/standard-content_es_MX.ftl"): Not found
2026-06-26 00:58:24 [main] DEBUG freemarker.cache - TemplateLoader.findTemplateSource("spark/partials/standard-content_es.ftl"): Not found
2026-06-26 00:58:24 [main] DEBUG freemarker.cache - TemplateLoader.findTemplateSource("spark/partials/standard-content.ftl"): Found
2026-06-26 00:58:24 [main] DEBUG freemarker.cache - "spark/partials/standard-content.ftl"("es_MX", UTF-8, parsed): using cached since jar:file:/C:/Users/rperaltr/.m2/repository/com/aventstack/extentreports/5.1.2/extentreports-5.1.2.jar!/com/aventstack/extentreports/templates/spark/partials/standard-content.ftl hasn't changed.
2026-06-26 00:58:24 [main] DEBUG freemarker.cache - "spark/partials/standard-content.ftl"("es_MX", UTF-8, parsed) cached copy not yet stale; using cached.
2026-06-26 00:58:24 [main] DEBUG freemarker.cache - "spark/partials/standard-content.ftl"("es_MX", UTF-8, parsed) cached copy not yet stale; using cached.
2026-06-26 00:58:24 [main] DEBUG freemarker.cache - TemplateLoader.findTemplateSource("spark/partials/exception_es_MX.ftl"): Not found
2026-06-26 00:58:24 [main] DEBUG freemarker.cache - TemplateLoader.findTemplateSource("spark/partials/exception_es.ftl"): Not found
2026-06-26 00:58:24 [main] DEBUG freemarker.cache - TemplateLoader.findTemplateSource("spark/partials/exception.ftl"): Found
2026-06-26 00:58:24 [main] DEBUG freemarker.cache - "spark/partials/exception.ftl"("es_MX", UTF-8, parsed): using cached since jar:file:/C:/Users/rperaltr/.m2/repository/com/aventstack/extentreports/5.1.2/extentreports-5.1.2.jar!/com/aventstack/extentreports/templates/spark/partials/exception.ftl hasn't changed.
2026-06-26 00:58:24 [main] DEBUG freemarker.cache - TemplateLoader.findTemplateSource("spark/partials/category_es_MX.ftl"): Not found
2026-06-26 00:58:24 [main] DEBUG freemarker.cache - TemplateLoader.findTemplateSource("spark/partials/category_es.ftl"): Not found
2026-06-26 00:58:24 [main] DEBUG freemarker.cache - TemplateLoader.findTemplateSource("spark/partials/category.ftl"): Found
2026-06-26 00:58:24 [main] DEBUG freemarker.cache - "spark/partials/category.ftl"("es_MX", UTF-8, parsed): using cached since jar:file:/C:/Users/rperaltr/.m2/repository/com/aventstack/extentreports/5.1.2/extentreports-5.1.2.jar!/com/aventstack/extentreports/templates/spark/partials/category.ftl hasn't changed.
2026-06-26 00:58:24 [main] DEBUG freemarker.cache - TemplateLoader.findTemplateSource("spark/partials/device_es_MX.ftl"): Not found
2026-06-26 00:58:24 [main] DEBUG freemarker.cache - TemplateLoader.findTemplateSource("spark/partials/device_es.ftl"): Not found
2026-06-26 00:58:24 [main] DEBUG freemarker.cache - TemplateLoader.findTemplateSource("spark/partials/device.ftl"): Found
2026-06-26 00:58:24 [main] DEBUG freemarker.cache - "spark/partials/device.ftl"("es_MX", UTF-8, parsed): using cached since jar:file:/C:/Users/rperaltr/.m2/repository/com/aventstack/extentreports/5.1.2/extentreports-5.1.2.jar!/com/aventstack/extentreports/templates/spark/partials/device.ftl hasn't changed.
2026-06-26 00:58:24 [main] DEBUG freemarker.cache - TemplateLoader.findTemplateSource("spark/partials/author_es_MX.ftl"): Not found
2026-06-26 00:58:24 [main] DEBUG freemarker.cache - TemplateLoader.findTemplateSource("spark/partials/author_es.ftl"): Not found
2026-06-26 00:58:24 [main] DEBUG freemarker.cache - TemplateLoader.findTemplateSource("spark/partials/author.ftl"): Found
2026-06-26 00:58:24 [main] DEBUG freemarker.cache - "spark/partials/author.ftl"("es_MX", UTF-8, parsed): using cached since jar:file:/C:/Users/rperaltr/.m2/repository/com/aventstack/extentreports/5.1.2/extentreports-5.1.2.jar!/com/aventstack/extentreports/templates/spark/partials/author.ftl hasn't changed.
2026-06-26 00:58:24 [main] DEBUG freemarker.cache - TemplateLoader.findTemplateSource("spark/partials/log_es_MX.ftl"): Not found
2026-06-26 00:58:24 [main] DEBUG freemarker.cache - TemplateLoader.findTemplateSource("spark/partials/log_es.ftl"): Not found
2026-06-26 00:58:24 [main] DEBUG freemarker.cache - TemplateLoader.findTemplateSource("spark/partials/log.ftl"): Found
2026-06-26 00:58:24 [main] DEBUG freemarker.cache - "spark/partials/log.ftl"("es_MX", UTF-8, parsed): using cached since jar:file:/C:/Users/rperaltr/.m2/repository/com/aventstack/extentreports/5.1.2/extentreports-5.1.2.jar!/com/aventstack/extentreports/templates/spark/partials/log.ftl hasn't changed.
2026-06-26 00:58:24 [main] DEBUG freemarker.cache - TemplateLoader.findTemplateSource("spark/partials/dashboard_es_MX.ftl"): Not found
2026-06-26 00:58:24 [main] DEBUG freemarker.cache - TemplateLoader.findTemplateSource("spark/partials/dashboard_es.ftl"): Not found
2026-06-26 00:58:24 [main] DEBUG freemarker.cache - TemplateLoader.findTemplateSource("spark/partials/dashboard.ftl"): Found
2026-06-26 00:58:24 [main] DEBUG freemarker.cache - "spark/partials/dashboard.ftl"("es_MX", UTF-8, parsed): using cached since jar:file:/C:/Users/rperaltr/.m2/repository/com/aventstack/extentreports/5.1.2/extentreports-5.1.2.jar!/com/aventstack/extentreports/templates/spark/partials/dashboard.ftl hasn't changed.
2026-06-26 00:58:24 [main] DEBUG freemarker.cache - TemplateLoader.findTemplateSource("spark/partials/scripts_es_MX.ftl"): Not found
2026-06-26 00:58:24 [main] DEBUG freemarker.cache - TemplateLoader.findTemplateSource("spark/partials/scripts_es.ftl"): Not found
2026-06-26 00:58:24 [main] DEBUG freemarker.cache - TemplateLoader.findTemplateSource("spark/partials/scripts.ftl"): Found
2026-06-26 00:58:24 [main] DEBUG freemarker.cache - "spark/partials/scripts.ftl"("es_MX", UTF-8, parsed): using cached since jar:file:/C:/Users/rperaltr/.m2/repository/com/aventstack/extentreports/5.1.2/extentreports-5.1.2.jar!/com/aventstack/extentreports/templates/spark/partials/scripts.ftl hasn't changed.
2026-06-26 00:58:24 [main] DEBUG freemarker.cache - TemplateLoader.findTemplateSource("commons/commons-inject-js_es_MX.ftl"): Not found
2026-06-26 00:58:24 [main] DEBUG freemarker.cache - TemplateLoader.findTemplateSource("commons/commons-inject-js_es.ftl"): Not found
2026-06-26 00:58:24 [main] DEBUG freemarker.cache - TemplateLoader.findTemplateSource("commons/commons-inject-js.ftl"): Found
2026-06-26 00:58:24 [main] DEBUG freemarker.cache - "commons/commons-inject-js.ftl"("es_MX", UTF-8, parsed): using cached since jar:file:/C:/Users/rperaltr/.m2/repository/com/aventstack/extentreports/5.1.2/extentreports-5.1.2.jar!/com/aventstack/extentreports/templates/commons/commons-inject-js.ftl hasn't changed.
2026-06-26 01:12:36 [main] DEBUG freemarker.cache - Couldn't find template in cache for "spark/spark.spa.ftl"("es_MX", UTF-8, parsed); will try to load it.
2026-06-26 01:12:36 [main] DEBUG freemarker.cache - TemplateLoader.findTemplateSource("spark/spark.spa_es_MX.ftl"): Not found
2026-06-26 01:12:36 [main] DEBUG freemarker.cache - TemplateLoader.findTemplateSource("spark/spark.spa_es.ftl"): Not found
2026-06-26 01:12:36 [main] DEBUG freemarker.cache - TemplateLoader.findTemplateSource("spark/spark.spa.ftl"): Found
2026-06-26 01:12:36 [main] DEBUG freemarker.cache - Loading template for "spark/spark.spa.ftl"("es_MX", UTF-8, parsed) from "jar:file:/C:/Users/rperaltr/.m2/repository/com/aventstack/extentreports/5.1.2/extentreports-5.1.2.jar!/com/aventstack/extentreports/templates/spark/spark.spa.ftl"
2026-06-26 01:12:36 [main] DEBUG freemarker.cache - Couldn't find template in cache for "commons/commons-variables.ftl"("es_MX", UTF-8, parsed); will try to load it.
2026-06-26 01:12:36 [main] DEBUG freemarker.cache - TemplateLoader.findTemplateSource("commons/commons-variables_es_MX.ftl"): Not found
2026-06-26 01:12:36 [main] DEBUG freemarker.cache - TemplateLoader.findTemplateSource("commons/commons-variables_es.ftl"): Not found
2026-06-26 01:12:36 [main] DEBUG freemarker.cache - TemplateLoader.findTemplateSource("commons/commons-variables.ftl"): Found
2026-06-26 01:12:36 [main] DEBUG freemarker.cache - Loading template for "commons/commons-variables.ftl"("es_MX", UTF-8, parsed) from "jar:file:/C:/Users/rperaltr/.m2/repository/com/aventstack/extentreports/5.1.2/extentreports-5.1.2.jar!/com/aventstack/extentreports/templates/commons/commons-variables.ftl"
2026-06-26 01:12:36 [main] DEBUG freemarker.cache - Couldn't find template in cache for "commons/commons-macros.ftl"("es_MX", UTF-8, parsed); will try to load it.
2026-06-26 01:12:36 [main] DEBUG freemarker.cache - TemplateLoader.findTemplateSource("commons/commons-macros_es_MX.ftl"): Not found
2026-06-26 01:12:36 [main] DEBUG freemarker.cache - TemplateLoader.findTemplateSource("commons/commons-macros_es.ftl"): Not found
2026-06-26 01:12:36 [main] DEBUG freemarker.cache - TemplateLoader.findTemplateSource("commons/commons-macros.ftl"): Found
2026-06-26 01:12:36 [main] DEBUG freemarker.cache - Loading template for "commons/commons-macros.ftl"("es_MX", UTF-8, parsed) from "jar:file:/C:/Users/rperaltr/.m2/repository/com/aventstack/extentreports/5.1.2/extentreports-5.1.2.jar!/com/aventstack/extentreports/templates/commons/commons-macros.ftl"
2026-06-26 01:12:36 [main] DEBUG freemarker.cache - Couldn't find template in cache for "spark/macros/attributes.ftl"("es_MX", UTF-8, parsed); will try to load it.
2026-06-26 01:12:36 [main] DEBUG freemarker.cache - TemplateLoader.findTemplateSource("spark/macros/attributes_es_MX.ftl"): Not found
2026-06-26 01:12:36 [main] DEBUG freemarker.cache - TemplateLoader.findTemplateSource("spark/macros/attributes_es.ftl"): Not found
2026-06-26 01:12:36 [main] DEBUG freemarker.cache - TemplateLoader.findTemplateSource("spark/macros/attributes.ftl"): Found
2026-06-26 01:12:36 [main] DEBUG freemarker.cache - Loading template for "spark/macros/attributes.ftl"("es_MX", UTF-8, parsed) from "jar:file:/C:/Users/rperaltr/.m2/repository/com/aventstack/extentreports/5.1.2/extentreports-5.1.2.jar!/com/aventstack/extentreports/templates/spark/macros/attributes.ftl"
2026-06-26 01:12:36 [main] DEBUG freemarker.cache - Couldn't find template in cache for "spark/macros/log.ftl"("es_MX", UTF-8, parsed); will try to load it.
2026-06-26 01:12:36 [main] DEBUG freemarker.cache - TemplateLoader.findTemplateSource("spark/macros/log_es_MX.ftl"): Not found
2026-06-26 01:12:36 [main] DEBUG freemarker.cache - TemplateLoader.findTemplateSource("spark/macros/log_es.ftl"): Not found
2026-06-26 01:12:36 [main] DEBUG freemarker.cache - TemplateLoader.findTemplateSource("spark/macros/log.ftl"): Found
2026-06-26 01:12:36 [main] DEBUG freemarker.cache - Loading template for "spark/macros/log.ftl"("es_MX", UTF-8, parsed) from "jar:file:/C:/Users/rperaltr/.m2/repository/com/aventstack/extentreports/5.1.2/extentreports-5.1.2.jar!/com/aventstack/extentreports/templates/spark/macros/log.ftl"
2026-06-26 01:12:36 [main] DEBUG freemarker.cache - Couldn't find template in cache for "spark/macros/recurse_nodes.ftl"("es_MX", UTF-8, parsed); will try to load it.
2026-06-26 01:12:36 [main] DEBUG freemarker.cache - TemplateLoader.findTemplateSource("spark/macros/recurse_nodes_es_MX.ftl"): Not found
2026-06-26 01:12:36 [main] DEBUG freemarker.cache - TemplateLoader.findTemplateSource("spark/macros/recurse_nodes_es.ftl"): Not found
2026-06-26 01:12:36 [main] DEBUG freemarker.cache - TemplateLoader.findTemplateSource("spark/macros/recurse_nodes.ftl"): Found
2026-06-26 01:12:36 [main] DEBUG freemarker.cache - Loading template for "spark/macros/recurse_nodes.ftl"("es_MX", UTF-8, parsed) from "jar:file:/C:/Users/rperaltr/.m2/repository/com/aventstack/extentreports/5.1.2/extentreports-5.1.2.jar!/com/aventstack/extentreports/templates/spark/macros/recurse_nodes.ftl"
2026-06-26 01:12:36 [main] DEBUG freemarker.cache - "spark/macros/log.ftl"("es_MX", UTF-8, parsed) cached copy not yet stale; using cached.
2026-06-26 01:12:36 [main] DEBUG freemarker.cache - Couldn't find template in cache for "spark/macros/attr-common.ftl"("es_MX", UTF-8, parsed); will try to load it.
2026-06-26 01:12:36 [main] DEBUG freemarker.cache - TemplateLoader.findTemplateSource("spark/macros/attr-common_es_MX.ftl"): Not found
2026-06-26 01:12:36 [main] DEBUG freemarker.cache - TemplateLoader.findTemplateSource("spark/macros/attr-common_es.ftl"): Not found
2026-06-26 01:12:36 [main] DEBUG freemarker.cache - TemplateLoader.findTemplateSource("spark/macros/attr-common.ftl"): Found
2026-06-26 01:12:36 [main] DEBUG freemarker.cache - Loading template for "spark/macros/attr-common.ftl"("es_MX", UTF-8, parsed) from "jar:file:/C:/Users/rperaltr/.m2/repository/com/aventstack/extentreports/5.1.2/extentreports-5.1.2.jar!/com/aventstack/extentreports/templates/spark/macros/attr-common.ftl"
2026-06-26 01:12:36 [main] DEBUG freemarker.cache - Couldn't find template in cache for "spark/partials/head.ftl"("es_MX", UTF-8, parsed); will try to load it.
2026-06-26 01:12:36 [main] DEBUG freemarker.cache - TemplateLoader.findTemplateSource("spark/partials/head_es_MX.ftl"): Not found
2026-06-26 01:12:36 [main] DEBUG freemarker.cache - TemplateLoader.findTemplateSource("spark/partials/head_es.ftl"): Not found
2026-06-26 01:12:36 [main] DEBUG freemarker.cache - TemplateLoader.findTemplateSource("spark/partials/head.ftl"): Found
2026-06-26 01:12:36 [main] DEBUG freemarker.cache - Loading template for "spark/partials/head.ftl"("es_MX", UTF-8, parsed) from "jar:file:/C:/Users/rperaltr/.m2/repository/com/aventstack/extentreports/5.1.2/extentreports-5.1.2.jar!/com/aventstack/extentreports/templates/spark/partials/head.ftl"
2026-06-26 01:12:36 [main] DEBUG freemarker.cache - Couldn't find template in cache for "commons/commons-inject-css.ftl"("es_MX", UTF-8, parsed); will try to load it.
2026-06-26 01:12:36 [main] DEBUG freemarker.cache - TemplateLoader.findTemplateSource("commons/commons-inject-css_es_MX.ftl"): Not found
2026-06-26 01:12:36 [main] DEBUG freemarker.cache - TemplateLoader.findTemplateSource("commons/commons-inject-css_es.ftl"): Not found
2026-06-26 01:12:36 [main] DEBUG freemarker.cache - TemplateLoader.findTemplateSource("commons/commons-inject-css.ftl"): Found
2026-06-26 01:12:36 [main] DEBUG freemarker.cache - Loading template for "commons/commons-inject-css.ftl"("es_MX", UTF-8, parsed) from "jar:file:/C:/Users/rperaltr/.m2/repository/com/aventstack/extentreports/5.1.2/extentreports-5.1.2.jar!/com/aventstack/extentreports/templates/commons/commons-inject-css.ftl"
2026-06-26 01:12:36 [main] DEBUG freemarker.cache - Couldn't find template in cache for "spark/partials/navbar.ftl"("es_MX", UTF-8, parsed); will try to load it.
2026-06-26 01:12:36 [main] DEBUG freemarker.cache - TemplateLoader.findTemplateSource("spark/partials/navbar_es_MX.ftl"): Not found
2026-06-26 01:12:36 [main] DEBUG freemarker.cache - TemplateLoader.findTemplateSource("spark/partials/navbar_es.ftl"): Not found
2026-06-26 01:12:36 [main] DEBUG freemarker.cache - TemplateLoader.findTemplateSource("spark/partials/navbar.ftl"): Found
2026-06-26 01:12:36 [main] DEBUG freemarker.cache - Loading template for "spark/partials/navbar.ftl"("es_MX", UTF-8, parsed) from "jar:file:/C:/Users/rperaltr/.m2/repository/com/aventstack/extentreports/5.1.2/extentreports-5.1.2.jar!/com/aventstack/extentreports/templates/spark/partials/navbar.ftl"
2026-06-26 01:12:36 [main] DEBUG freemarker.cache - Couldn't find template in cache for "spark/partials/sidenav.ftl"("es_MX", UTF-8, parsed); will try to load it.
2026-06-26 01:12:36 [main] DEBUG freemarker.cache - TemplateLoader.findTemplateSource("spark/partials/sidenav_es_MX.ftl"): Not found
2026-06-26 01:12:36 [main] DEBUG freemarker.cache - TemplateLoader.findTemplateSource("spark/partials/sidenav_es.ftl"): Not found
2026-06-26 01:12:36 [main] DEBUG freemarker.cache - TemplateLoader.findTemplateSource("spark/partials/sidenav.ftl"): Found
2026-06-26 01:12:36 [main] DEBUG freemarker.cache - Loading template for "spark/partials/sidenav.ftl"("es_MX", UTF-8, parsed) from "jar:file:/C:/Users/rperaltr/.m2/repository/com/aventstack/extentreports/5.1.2/extentreports-5.1.2.jar!/com/aventstack/extentreports/templates/spark/partials/sidenav.ftl"
2026-06-26 01:12:36 [main] DEBUG freemarker.cache - Couldn't find template in cache for "spark/partials/test.ftl"("es_MX", UTF-8, parsed); will try to load it.
2026-06-26 01:12:36 [main] DEBUG freemarker.cache - TemplateLoader.findTemplateSource("spark/partials/test_es_MX.ftl"): Not found
2026-06-26 01:12:36 [main] DEBUG freemarker.cache - TemplateLoader.findTemplateSource("spark/partials/test_es.ftl"): Not found
2026-06-26 01:12:36 [main] DEBUG freemarker.cache - TemplateLoader.findTemplateSource("spark/partials/test.ftl"): Found
2026-06-26 01:12:36 [main] DEBUG freemarker.cache - Loading template for "spark/partials/test.ftl"("es_MX", UTF-8, parsed) from "jar:file:/C:/Users/rperaltr/.m2/repository/com/aventstack/extentreports/5.1.2/extentreports-5.1.2.jar!/com/aventstack/extentreports/templates/spark/partials/test.ftl"
2026-06-26 01:12:36 [main] DEBUG freemarker.cache - Couldn't find template in cache for "spark/partials/standard-content.ftl"("es_MX", UTF-8, parsed); will try to load it.
2026-06-26 01:12:36 [main] DEBUG freemarker.cache - TemplateLoader.findTemplateSource("spark/partials/standard-content_es_MX.ftl"): Not found
2026-06-26 01:12:36 [main] DEBUG freemarker.cache - TemplateLoader.findTemplateSource("spark/partials/standard-content_es.ftl"): Not found
2026-06-26 01:12:36 [main] DEBUG freemarker.cache - TemplateLoader.findTemplateSource("spark/partials/standard-content.ftl"): Found
2026-06-26 01:12:36 [main] DEBUG freemarker.cache - Loading template for "spark/partials/standard-content.ftl"("es_MX", UTF-8, parsed) from "jar:file:/C:/Users/rperaltr/.m2/repository/com/aventstack/extentreports/5.1.2/extentreports-5.1.2.jar!/com/aventstack/extentreports/templates/spark/partials/standard-content.ftl"
2026-06-26 01:12:36 [main] DEBUG freemarker.cache - Couldn't find template in cache for "spark/partials/exception.ftl"("es_MX", UTF-8, parsed); will try to load it.
2026-06-26 01:12:36 [main] DEBUG freemarker.cache - TemplateLoader.findTemplateSource("spark/partials/exception_es_MX.ftl"): Not found
2026-06-26 01:12:36 [main] DEBUG freemarker.cache - TemplateLoader.findTemplateSource("spark/partials/exception_es.ftl"): Not found
2026-06-26 01:12:36 [main] DEBUG freemarker.cache - TemplateLoader.findTemplateSource("spark/partials/exception.ftl"): Found
2026-06-26 01:12:36 [main] DEBUG freemarker.cache - Loading template for "spark/partials/exception.ftl"("es_MX", UTF-8, parsed) from "jar:file:/C:/Users/rperaltr/.m2/repository/com/aventstack/extentreports/5.1.2/extentreports-5.1.2.jar!/com/aventstack/extentreports/templates/spark/partials/exception.ftl"
2026-06-26 01:12:36 [main] DEBUG freemarker.cache - Couldn't find template in cache for "spark/partials/category.ftl"("es_MX", UTF-8, parsed); will try to load it.
2026-06-26 01:12:36 [main] DEBUG freemarker.cache - TemplateLoader.findTemplateSource("spark/partials/category_es_MX.ftl"): Not found
2026-06-26 01:12:36 [main] DEBUG freemarker.cache - TemplateLoader.findTemplateSource("spark/partials/category_es.ftl"): Not found
2026-06-26 01:12:36 [main] DEBUG freemarker.cache - TemplateLoader.findTemplateSource("spark/partials/category.ftl"): Found
2026-06-26 01:12:36 [main] DEBUG freemarker.cache - Loading template for "spark/partials/category.ftl"("es_MX", UTF-8, parsed) from "jar:file:/C:/Users/rperaltr/.m2/repository/com/aventstack/extentreports/5.1.2/extentreports-5.1.2.jar!/com/aventstack/extentreports/templates/spark/partials/category.ftl"
2026-06-26 01:12:36 [main] DEBUG freemarker.cache - Couldn't find template in cache for "spark/partials/device.ftl"("es_MX", UTF-8, parsed); will try to load it.
2026-06-26 01:12:36 [main] DEBUG freemarker.cache - TemplateLoader.findTemplateSource("spark/partials/device_es_MX.ftl"): Not found
2026-06-26 01:12:36 [main] DEBUG freemarker.cache - TemplateLoader.findTemplateSource("spark/partials/device_es.ftl"): Not found
2026-06-26 01:12:36 [main] DEBUG freemarker.cache - TemplateLoader.findTemplateSource("spark/partials/device.ftl"): Found
2026-06-26 01:12:36 [main] DEBUG freemarker.cache - Loading template for "spark/partials/device.ftl"("es_MX", UTF-8, parsed) from "jar:file:/C:/Users/rperaltr/.m2/repository/com/aventstack/extentreports/5.1.2/extentreports-5.1.2.jar!/com/aventstack/extentreports/templates/spark/partials/device.ftl"
2026-06-26 01:12:36 [main] DEBUG freemarker.cache - Couldn't find template in cache for "spark/partials/author.ftl"("es_MX", UTF-8, parsed); will try to load it.
2026-06-26 01:12:36 [main] DEBUG freemarker.cache - TemplateLoader.findTemplateSource("spark/partials/author_es_MX.ftl"): Not found
2026-06-26 01:12:36 [main] DEBUG freemarker.cache - TemplateLoader.findTemplateSource("spark/partials/author_es.ftl"): Not found
2026-06-26 01:12:36 [main] DEBUG freemarker.cache - TemplateLoader.findTemplateSource("spark/partials/author.ftl"): Found
2026-06-26 01:12:36 [main] DEBUG freemarker.cache - Loading template for "spark/partials/author.ftl"("es_MX", UTF-8, parsed) from "jar:file:/C:/Users/rperaltr/.m2/repository/com/aventstack/extentreports/5.1.2/extentreports-5.1.2.jar!/com/aventstack/extentreports/templates/spark/partials/author.ftl"
2026-06-26 01:12:36 [main] DEBUG freemarker.cache - Couldn't find template in cache for "spark/partials/log.ftl"("es_MX", UTF-8, parsed); will try to load it.
2026-06-26 01:12:36 [main] DEBUG freemarker.cache - TemplateLoader.findTemplateSource("spark/partials/log_es_MX.ftl"): Not found
2026-06-26 01:12:36 [main] DEBUG freemarker.cache - TemplateLoader.findTemplateSource("spark/partials/log_es.ftl"): Not found
2026-06-26 01:12:36 [main] DEBUG freemarker.cache - TemplateLoader.findTemplateSource("spark/partials/log.ftl"): Found
2026-06-26 01:12:36 [main] DEBUG freemarker.cache - Loading template for "spark/partials/log.ftl"("es_MX", UTF-8, parsed) from "jar:file:/C:/Users/rperaltr/.m2/repository/com/aventstack/extentreports/5.1.2/extentreports-5.1.2.jar!/com/aventstack/extentreports/templates/spark/partials/log.ftl"
2026-06-26 01:12:36 [main] DEBUG freemarker.cache - Couldn't find template in cache for "spark/partials/dashboard.ftl"("es_MX", UTF-8, parsed); will try to load it.
2026-06-26 01:12:36 [main] DEBUG freemarker.cache - TemplateLoader.findTemplateSource("spark/partials/dashboard_es_MX.ftl"): Not found
2026-06-26 01:12:36 [main] DEBUG freemarker.cache - TemplateLoader.findTemplateSource("spark/partials/dashboard_es.ftl"): Not found
2026-06-26 01:12:36 [main] DEBUG freemarker.cache - TemplateLoader.findTemplateSource("spark/partials/dashboard.ftl"): Found
2026-06-26 01:12:36 [main] DEBUG freemarker.cache - Loading template for "spark/partials/dashboard.ftl"("es_MX", UTF-8, parsed) from "jar:file:/C:/Users/rperaltr/.m2/repository/com/aventstack/extentreports/5.1.2/extentreports-5.1.2.jar!/com/aventstack/extentreports/templates/spark/partials/dashboard.ftl"
2026-06-26 01:12:37 [main] DEBUG freemarker.cache - Couldn't find template in cache for "spark/partials/scripts.ftl"("es_MX", UTF-8, parsed); will try to load it.
2026-06-26 01:12:37 [main] DEBUG freemarker.cache - TemplateLoader.findTemplateSource("spark/partials/scripts_es_MX.ftl"): Not found
2026-06-26 01:12:37 [main] DEBUG freemarker.cache - TemplateLoader.findTemplateSource("spark/partials/scripts_es.ftl"): Not found
2026-06-26 01:12:37 [main] DEBUG freemarker.cache - TemplateLoader.findTemplateSource("spark/partials/scripts.ftl"): Found
2026-06-26 01:12:37 [main] DEBUG freemarker.cache - Loading template for "spark/partials/scripts.ftl"("es_MX", UTF-8, parsed) from "jar:file:/C:/Users/rperaltr/.m2/repository/com/aventstack/extentreports/5.1.2/extentreports-5.1.2.jar!/com/aventstack/extentreports/templates/spark/partials/scripts.ftl"
2026-06-26 01:12:37 [main] DEBUG freemarker.cache - Couldn't find template in cache for "commons/commons-inject-js.ftl"("es_MX", UTF-8, parsed); will try to load it.
2026-06-26 01:12:37 [main] DEBUG freemarker.cache - TemplateLoader.findTemplateSource("commons/commons-inject-js_es_MX.ftl"): Not found
2026-06-26 01:12:37 [main] DEBUG freemarker.cache - TemplateLoader.findTemplateSource("commons/commons-inject-js_es.ftl"): Not found
2026-06-26 01:12:37 [main] DEBUG freemarker.cache - TemplateLoader.findTemplateSource("commons/commons-inject-js.ftl"): Found
2026-06-26 01:12:37 [main] DEBUG freemarker.cache - Loading template for "commons/commons-inject-js.ftl"("es_MX", UTF-8, parsed) from "jar:file:/C:/Users/rperaltr/.m2/repository/com/aventstack/extentreports/5.1.2/extentreports-5.1.2.jar!/com/aventstack/extentreports/templates/commons/commons-inject-js.ftl"
2026-06-26 01:13:04 [main] DEBUG freemarker.cache - TemplateLoader.findTemplateSource("spark/spark.spa_es_MX.ftl"): Not found
2026-06-26 01:13:04 [main] DEBUG freemarker.cache - TemplateLoader.findTemplateSource("spark/spark.spa_es.ftl"): Not found
2026-06-26 01:13:04 [main] DEBUG freemarker.cache - TemplateLoader.findTemplateSource("spark/spark.spa.ftl"): Found
2026-06-26 01:13:04 [main] DEBUG freemarker.cache - "spark/spark.spa.ftl"("es_MX", UTF-8, parsed): using cached since jar:file:/C:/Users/rperaltr/.m2/repository/com/aventstack/extentreports/5.1.2/extentreports-5.1.2.jar!/com/aventstack/extentreports/templates/spark/spark.spa.ftl hasn't changed.
2026-06-26 01:13:04 [main] DEBUG freemarker.cache - TemplateLoader.findTemplateSource("commons/commons-variables_es_MX.ftl"): Not found
2026-06-26 01:13:04 [main] DEBUG freemarker.cache - TemplateLoader.findTemplateSource("commons/commons-variables_es.ftl"): Not found
2026-06-26 01:13:04 [main] DEBUG freemarker.cache - TemplateLoader.findTemplateSource("commons/commons-variables.ftl"): Found
2026-06-26 01:13:04 [main] DEBUG freemarker.cache - "commons/commons-variables.ftl"("es_MX", UTF-8, parsed): using cached since jar:file:/C:/Users/rperaltr/.m2/repository/com/aventstack/extentreports/5.1.2/extentreports-5.1.2.jar!/com/aventstack/extentreports/templates/commons/commons-variables.ftl hasn't changed.
2026-06-26 01:13:04 [main] DEBUG freemarker.cache - TemplateLoader.findTemplateSource("commons/commons-macros_es_MX.ftl"): Not found
2026-06-26 01:13:04 [main] DEBUG freemarker.cache - TemplateLoader.findTemplateSource("commons/commons-macros_es.ftl"): Not found
2026-06-26 01:13:04 [main] DEBUG freemarker.cache - TemplateLoader.findTemplateSource("commons/commons-macros.ftl"): Found
2026-06-26 01:13:04 [main] DEBUG freemarker.cache - "commons/commons-macros.ftl"("es_MX", UTF-8, parsed): using cached since jar:file:/C:/Users/rperaltr/.m2/repository/com/aventstack/extentreports/5.1.2/extentreports-5.1.2.jar!/com/aventstack/extentreports/templates/commons/commons-macros.ftl hasn't changed.
2026-06-26 01:13:04 [main] DEBUG freemarker.cache - TemplateLoader.findTemplateSource("spark/macros/attributes_es_MX.ftl"): Not found
2026-06-26 01:13:04 [main] DEBUG freemarker.cache - TemplateLoader.findTemplateSource("spark/macros/attributes_es.ftl"): Not found
2026-06-26 01:13:04 [main] DEBUG freemarker.cache - TemplateLoader.findTemplateSource("spark/macros/attributes.ftl"): Found
2026-06-26 01:13:04 [main] DEBUG freemarker.cache - "spark/macros/attributes.ftl"("es_MX", UTF-8, parsed): using cached since jar:file:/C:/Users/rperaltr/.m2/repository/com/aventstack/extentreports/5.1.2/extentreports-5.1.2.jar!/com/aventstack/extentreports/templates/spark/macros/attributes.ftl hasn't changed.
2026-06-26 01:13:04 [main] DEBUG freemarker.cache - TemplateLoader.findTemplateSource("spark/macros/log_es_MX.ftl"): Not found
2026-06-26 01:13:04 [main] DEBUG freemarker.cache - TemplateLoader.findTemplateSource("spark/macros/log_es.ftl"): Not found
2026-06-26 01:13:04 [main] DEBUG freemarker.cache - TemplateLoader.findTemplateSource("spark/macros/log.ftl"): Found
2026-06-26 01:13:04 [main] DEBUG freemarker.cache - "spark/macros/log.ftl"("es_MX", UTF-8, parsed): using cached since jar:file:/C:/Users/rperaltr/.m2/repository/com/aventstack/extentreports/5.1.2/extentreports-5.1.2.jar!/com/aventstack/extentreports/templates/spark/macros/log.ftl hasn't changed.
2026-06-26 01:13:04 [main] DEBUG freemarker.cache - TemplateLoader.findTemplateSource("spark/macros/recurse_nodes_es_MX.ftl"): Not found
2026-06-26 01:13:04 [main] DEBUG freemarker.cache - TemplateLoader.findTemplateSource("spark/macros/recurse_nodes_es.ftl"): Not found
2026-06-26 01:13:04 [main] DEBUG freemarker.cache - TemplateLoader.findTemplateSource("spark/macros/recurse_nodes.ftl"): Found
2026-06-26 01:13:04 [main] DEBUG freemarker.cache - "spark/macros/recurse_nodes.ftl"("es_MX", UTF-8, parsed): using cached since jar:file:/C:/Users/rperaltr/.m2/repository/com/aventstack/extentreports/5.1.2/extentreports-5.1.2.jar!/com/aventstack/extentreports/templates/spark/macros/recurse_nodes.ftl hasn't changed.
2026-06-26 01:13:04 [main] DEBUG freemarker.cache - "spark/macros/log.ftl"("es_MX", UTF-8, parsed) cached copy not yet stale; using cached.
2026-06-26 01:13:04 [main] DEBUG freemarker.cache - TemplateLoader.findTemplateSource("spark/macros/attr-common_es_MX.ftl"): Not found
2026-06-26 01:13:04 [main] DEBUG freemarker.cache - TemplateLoader.findTemplateSource("spark/macros/attr-common_es.ftl"): Not found
2026-06-26 01:13:04 [main] DEBUG freemarker.cache - TemplateLoader.findTemplateSource("spark/macros/attr-common.ftl"): Found
2026-06-26 01:13:04 [main] DEBUG freemarker.cache - "spark/macros/attr-common.ftl"("es_MX", UTF-8, parsed): using cached since jar:file:/C:/Users/rperaltr/.m2/repository/com/aventstack/extentreports/5.1.2/extentreports-5.1.2.jar!/com/aventstack/extentreports/templates/spark/macros/attr-common.ftl hasn't changed.
2026-06-26 01:13:04 [main] DEBUG freemarker.cache - TemplateLoader.findTemplateSource("spark/partials/head_es_MX.ftl"): Not found
2026-06-26 01:13:04 [main] DEBUG freemarker.cache - TemplateLoader.findTemplateSource("spark/partials/head_es.ftl"): Not found
2026-06-26 01:13:04 [main] DEBUG freemarker.cache - TemplateLoader.findTemplateSource("spark/partials/head.ftl"): Found
2026-06-26 01:13:04 [main] DEBUG freemarker.cache - "spark/partials/head.ftl"("es_MX", UTF-8, parsed): using cached since jar:file:/C:/Users/rperaltr/.m2/repository/com/aventstack/extentreports/5.1.2/extentreports-5.1.2.jar!/com/aventstack/extentreports/templates/spark/partials/head.ftl hasn't changed.
2026-06-26 01:13:04 [main] DEBUG freemarker.cache - TemplateLoader.findTemplateSource("commons/commons-inject-css_es_MX.ftl"): Not found
2026-06-26 01:13:04 [main] DEBUG freemarker.cache - TemplateLoader.findTemplateSource("commons/commons-inject-css_es.ftl"): Not found
2026-06-26 01:13:04 [main] DEBUG freemarker.cache - TemplateLoader.findTemplateSource("commons/commons-inject-css.ftl"): Found
2026-06-26 01:13:04 [main] DEBUG freemarker.cache - "commons/commons-inject-css.ftl"("es_MX", UTF-8, parsed): using cached since jar:file:/C:/Users/rperaltr/.m2/repository/com/aventstack/extentreports/5.1.2/extentreports-5.1.2.jar!/com/aventstack/extentreports/templates/commons/commons-inject-css.ftl hasn't changed.
2026-06-26 01:13:04 [main] DEBUG freemarker.cache - TemplateLoader.findTemplateSource("spark/partials/navbar_es_MX.ftl"): Not found
2026-06-26 01:13:04 [main] DEBUG freemarker.cache - TemplateLoader.findTemplateSource("spark/partials/navbar_es.ftl"): Not found
2026-06-26 01:13:04 [main] DEBUG freemarker.cache - TemplateLoader.findTemplateSource("spark/partials/navbar.ftl"): Found
2026-06-26 01:13:04 [main] DEBUG freemarker.cache - "spark/partials/navbar.ftl"("es_MX", UTF-8, parsed): using cached since jar:file:/C:/Users/rperaltr/.m2/repository/com/aventstack/extentreports/5.1.2/extentreports-5.1.2.jar!/com/aventstack/extentreports/templates/spark/partials/navbar.ftl hasn't changed.
2026-06-26 01:13:04 [main] DEBUG freemarker.cache - TemplateLoader.findTemplateSource("spark/partials/sidenav_es_MX.ftl"): Not found
2026-06-26 01:13:04 [main] DEBUG freemarker.cache - TemplateLoader.findTemplateSource("spark/partials/sidenav_es.ftl"): Not found
2026-06-26 01:13:04 [main] DEBUG freemarker.cache - TemplateLoader.findTemplateSource("spark/partials/sidenav.ftl"): Found
2026-06-26 01:13:04 [main] DEBUG freemarker.cache - "spark/partials/sidenav.ftl"("es_MX", UTF-8, parsed): using cached since jar:file:/C:/Users/rperaltr/.m2/repository/com/aventstack/extentreports/5.1.2/extentreports-5.1.2.jar!/com/aventstack/extentreports/templates/spark/partials/sidenav.ftl hasn't changed.
2026-06-26 01:13:04 [main] DEBUG freemarker.cache - TemplateLoader.findTemplateSource("spark/partials/test_es_MX.ftl"): Not found
2026-06-26 01:13:04 [main] DEBUG freemarker.cache - TemplateLoader.findTemplateSource("spark/partials/test_es.ftl"): Not found
2026-06-26 01:13:04 [main] DEBUG freemarker.cache - TemplateLoader.findTemplateSource("spark/partials/test.ftl"): Found
2026-06-26 01:13:04 [main] DEBUG freemarker.cache - "spark/partials/test.ftl"("es_MX", UTF-8, parsed): using cached since jar:file:/C:/Users/rperaltr/.m2/repository/com/aventstack/extentreports/5.1.2/extentreports-5.1.2.jar!/com/aventstack/extentreports/templates/spark/partials/test.ftl hasn't changed.
2026-06-26 01:13:04 [main] DEBUG freemarker.cache - TemplateLoader.findTemplateSource("spark/partials/standard-content_es_MX.ftl"): Not found
2026-06-26 01:13:04 [main] DEBUG freemarker.cache - TemplateLoader.findTemplateSource("spark/partials/standard-content_es.ftl"): Not found
2026-06-26 01:13:04 [main] DEBUG freemarker.cache - TemplateLoader.findTemplateSource("spark/partials/standard-content.ftl"): Found
2026-06-26 01:13:04 [main] DEBUG freemarker.cache - "spark/partials/standard-content.ftl"("es_MX", UTF-8, parsed): using cached since jar:file:/C:/Users/rperaltr/.m2/repository/com/aventstack/extentreports/5.1.2/extentreports-5.1.2.jar!/com/aventstack/extentreports/templates/spark/partials/standard-content.ftl hasn't changed.
2026-06-26 01:13:04 [main] DEBUG freemarker.cache - "spark/partials/standard-content.ftl"("es_MX", UTF-8, parsed) cached copy not yet stale; using cached.
2026-06-26 01:13:04 [main] DEBUG freemarker.cache - TemplateLoader.findTemplateSource("spark/partials/exception_es_MX.ftl"): Not found
2026-06-26 01:13:04 [main] DEBUG freemarker.cache - TemplateLoader.findTemplateSource("spark/partials/exception_es.ftl"): Not found
2026-06-26 01:13:04 [main] DEBUG freemarker.cache - TemplateLoader.findTemplateSource("spark/partials/exception.ftl"): Found
2026-06-26 01:13:04 [main] DEBUG freemarker.cache - "spark/partials/exception.ftl"("es_MX", UTF-8, parsed): using cached since jar:file:/C:/Users/rperaltr/.m2/repository/com/aventstack/extentreports/5.1.2/extentreports-5.1.2.jar!/com/aventstack/extentreports/templates/spark/partials/exception.ftl hasn't changed.
2026-06-26 01:13:04 [main] DEBUG freemarker.cache - TemplateLoader.findTemplateSource("spark/partials/category_es_MX.ftl"): Not found
2026-06-26 01:13:04 [main] DEBUG freemarker.cache - TemplateLoader.findTemplateSource("spark/partials/category_es.ftl"): Not found
2026-06-26 01:13:04 [main] DEBUG freemarker.cache - TemplateLoader.findTemplateSource("spark/partials/category.ftl"): Found
2026-06-26 01:13:04 [main] DEBUG freemarker.cache - "spark/partials/category.ftl"("es_MX", UTF-8, parsed): using cached since jar:file:/C:/Users/rperaltr/.m2/repository/com/aventstack/extentreports/5.1.2/extentreports-5.1.2.jar!/com/aventstack/extentreports/templates/spark/partials/category.ftl hasn't changed.
2026-06-26 01:13:04 [main] DEBUG freemarker.cache - TemplateLoader.findTemplateSource("spark/partials/device_es_MX.ftl"): Not found
2026-06-26 01:13:04 [main] DEBUG freemarker.cache - TemplateLoader.findTemplateSource("spark/partials/device_es.ftl"): Not found
2026-06-26 01:13:04 [main] DEBUG freemarker.cache - TemplateLoader.findTemplateSource("spark/partials/device.ftl"): Found
2026-06-26 01:13:04 [main] DEBUG freemarker.cache - "spark/partials/device.ftl"("es_MX", UTF-8, parsed): using cached since jar:file:/C:/Users/rperaltr/.m2/repository/com/aventstack/extentreports/5.1.2/extentreports-5.1.2.jar!/com/aventstack/extentreports/templates/spark/partials/device.ftl hasn't changed.
2026-06-26 01:13:04 [main] DEBUG freemarker.cache - TemplateLoader.findTemplateSource("spark/partials/author_es_MX.ftl"): Not found
2026-06-26 01:13:04 [main] DEBUG freemarker.cache - TemplateLoader.findTemplateSource("spark/partials/author_es.ftl"): Not found
2026-06-26 01:13:04 [main] DEBUG freemarker.cache - TemplateLoader.findTemplateSource("spark/partials/author.ftl"): Found
2026-06-26 01:13:04 [main] DEBUG freemarker.cache - "spark/partials/author.ftl"("es_MX", UTF-8, parsed): using cached since jar:file:/C:/Users/rperaltr/.m2/repository/com/aventstack/extentreports/5.1.2/extentreports-5.1.2.jar!/com/aventstack/extentreports/templates/spark/partials/author.ftl hasn't changed.
2026-06-26 01:13:04 [main] DEBUG freemarker.cache - TemplateLoader.findTemplateSource("spark/partials/log_es_MX.ftl"): Not found
2026-06-26 01:13:04 [main] DEBUG freemarker.cache - TemplateLoader.findTemplateSource("spark/partials/log_es.ftl"): Not found
2026-06-26 01:13:04 [main] DEBUG freemarker.cache - TemplateLoader.findTemplateSource("spark/partials/log.ftl"): Found
2026-06-26 01:13:04 [main] DEBUG freemarker.cache - "spark/partials/log.ftl"("es_MX", UTF-8, parsed): using cached since jar:file:/C:/Users/rperaltr/.m2/repository/com/aventstack/extentreports/5.1.2/extentreports-5.1.2.jar!/com/aventstack/extentreports/templates/spark/partials/log.ftl hasn't changed.
2026-06-26 01:13:04 [main] DEBUG freemarker.cache - TemplateLoader.findTemplateSource("spark/partials/dashboard_es_MX.ftl"): Not found
2026-06-26 01:13:04 [main] DEBUG freemarker.cache - TemplateLoader.findTemplateSource("spark/partials/dashboard_es.ftl"): Not found
2026-06-26 01:13:04 [main] DEBUG freemarker.cache - TemplateLoader.findTemplateSource("spark/partials/dashboard.ftl"): Found
2026-06-26 01:13:04 [main] DEBUG freemarker.cache - "spark/partials/dashboard.ftl"("es_MX", UTF-8, parsed): using cached since jar:file:/C:/Users/rperaltr/.m2/repository/com/aventstack/extentreports/5.1.2/extentreports-5.1.2.jar!/com/aventstack/extentreports/templates/spark/partials/dashboard.ftl hasn't changed.
2026-06-26 01:13:05 [main] DEBUG freemarker.cache - TemplateLoader.findTemplateSource("spark/partials/scripts_es_MX.ftl"): Not found
2026-06-26 01:13:05 [main] DEBUG freemarker.cache - TemplateLoader.findTemplateSource("spark/partials/scripts_es.ftl"): Not found
2026-06-26 01:13:05 [main] DEBUG freemarker.cache - TemplateLoader.findTemplateSource("spark/partials/scripts.ftl"): Found
2026-06-26 01:13:05 [main] DEBUG freemarker.cache - "spark/partials/scripts.ftl"("es_MX", UTF-8, parsed): using cached since jar:file:/C:/Users/rperaltr/.m2/repository/com/aventstack/extentreports/5.1.2/extentreports-5.1.2.jar!/com/aventstack/extentreports/templates/spark/partials/scripts.ftl hasn't changed.
2026-06-26 01:13:05 [main] DEBUG freemarker.cache - TemplateLoader.findTemplateSource("commons/commons-inject-js_es_MX.ftl"): Not found
2026-06-26 01:13:05 [main] DEBUG freemarker.cache - TemplateLoader.findTemplateSource("commons/commons-inject-js_es.ftl"): Not found
2026-06-26 01:13:05 [main] DEBUG freemarker.cache - TemplateLoader.findTemplateSource("commons/commons-inject-js.ftl"): Found
2026-06-26 01:13:05 [main] DEBUG freemarker.cache - "commons/commons-inject-js.ftl"("es_MX", UTF-8, parsed): using cached since jar:file:/C:/Users/rperaltr/.m2/repository/com/aventstack/extentreports/5.1.2/extentreports-5.1.2.jar!/com/aventstack/extentreports/templates/commons/commons-inject-js.ftl hasn't changed.
2026-06-26 01:13:30 [main] DEBUG freemarker.cache - TemplateLoader.findTemplateSource("spark/spark.spa_es_MX.ftl"): Not found
2026-06-26 01:13:30 [main] DEBUG freemarker.cache - TemplateLoader.findTemplateSource("spark/spark.spa_es.ftl"): Not found
2026-06-26 01:13:30 [main] DEBUG freemarker.cache - TemplateLoader.findTemplateSource("spark/spark.spa.ftl"): Found
2026-06-26 01:13:30 [main] DEBUG freemarker.cache - "spark/spark.spa.ftl"("es_MX", UTF-8, parsed): using cached since jar:file:/C:/Users/rperaltr/.m2/repository/com/aventstack/extentreports/5.1.2/extentreports-5.1.2.jar!/com/aventstack/extentreports/templates/spark/spark.spa.ftl hasn't changed.
2026-06-26 01:13:30 [main] DEBUG freemarker.cache - TemplateLoader.findTemplateSource("commons/commons-variables_es_MX.ftl"): Not found
2026-06-26 01:13:30 [main] DEBUG freemarker.cache - TemplateLoader.findTemplateSource("commons/commons-variables_es.ftl"): Not found
2026-06-26 01:13:30 [main] DEBUG freemarker.cache - TemplateLoader.findTemplateSource("commons/commons-variables.ftl"): Found
2026-06-26 01:13:30 [main] DEBUG freemarker.cache - "commons/commons-variables.ftl"("es_MX", UTF-8, parsed): using cached since jar:file:/C:/Users/rperaltr/.m2/repository/com/aventstack/extentreports/5.1.2/extentreports-5.1.2.jar!/com/aventstack/extentreports/templates/commons/commons-variables.ftl hasn't changed.
2026-06-26 01:13:30 [main] DEBUG freemarker.cache - TemplateLoader.findTemplateSource("commons/commons-macros_es_MX.ftl"): Not found
2026-06-26 01:13:30 [main] DEBUG freemarker.cache - TemplateLoader.findTemplateSource("commons/commons-macros_es.ftl"): Not found
2026-06-26 01:13:30 [main] DEBUG freemarker.cache - TemplateLoader.findTemplateSource("commons/commons-macros.ftl"): Found
2026-06-26 01:13:30 [main] DEBUG freemarker.cache - "commons/commons-macros.ftl"("es_MX", UTF-8, parsed): using cached since jar:file:/C:/Users/rperaltr/.m2/repository/com/aventstack/extentreports/5.1.2/extentreports-5.1.2.jar!/com/aventstack/extentreports/templates/commons/commons-macros.ftl hasn't changed.
2026-06-26 01:13:30 [main] DEBUG freemarker.cache - TemplateLoader.findTemplateSource("spark/macros/attributes_es_MX.ftl"): Not found
2026-06-26 01:13:30 [main] DEBUG freemarker.cache - TemplateLoader.findTemplateSource("spark/macros/attributes_es.ftl"): Not found
2026-06-26 01:13:30 [main] DEBUG freemarker.cache - TemplateLoader.findTemplateSource("spark/macros/attributes.ftl"): Found
2026-06-26 01:13:30 [main] DEBUG freemarker.cache - "spark/macros/attributes.ftl"("es_MX", UTF-8, parsed): using cached since jar:file:/C:/Users/rperaltr/.m2/repository/com/aventstack/extentreports/5.1.2/extentreports-5.1.2.jar!/com/aventstack/extentreports/templates/spark/macros/attributes.ftl hasn't changed.
2026-06-26 01:13:30 [main] DEBUG freemarker.cache - TemplateLoader.findTemplateSource("spark/macros/log_es_MX.ftl"): Not found
2026-06-26 01:13:30 [main] DEBUG freemarker.cache - TemplateLoader.findTemplateSource("spark/macros/log_es.ftl"): Not found
2026-06-26 01:13:30 [main] DEBUG freemarker.cache - TemplateLoader.findTemplateSource("spark/macros/log.ftl"): Found
2026-06-26 01:13:30 [main] DEBUG freemarker.cache - "spark/macros/log.ftl"("es_MX", UTF-8, parsed): using cached since jar:file:/C:/Users/rperaltr/.m2/repository/com/aventstack/extentreports/5.1.2/extentreports-5.1.2.jar!/com/aventstack/extentreports/templates/spark/macros/log.ftl hasn't changed.
2026-06-26 01:13:30 [main] DEBUG freemarker.cache - TemplateLoader.findTemplateSource("spark/macros/recurse_nodes_es_MX.ftl"): Not found
2026-06-26 01:13:30 [main] DEBUG freemarker.cache - TemplateLoader.findTemplateSource("spark/macros/recurse_nodes_es.ftl"): Not found
2026-06-26 01:13:30 [main] DEBUG freemarker.cache - TemplateLoader.findTemplateSource("spark/macros/recurse_nodes.ftl"): Found
2026-06-26 01:13:30 [main] DEBUG freemarker.cache - "spark/macros/recurse_nodes.ftl"("es_MX", UTF-8, parsed): using cached since jar:file:/C:/Users/rperaltr/.m2/repository/com/aventstack/extentreports/5.1.2/extentreports-5.1.2.jar!/com/aventstack/extentreports/templates/spark/macros/recurse_nodes.ftl hasn't changed.
2026-06-26 01:13:30 [main] DEBUG freemarker.cache - "spark/macros/log.ftl"("es_MX", UTF-8, parsed) cached copy not yet stale; using cached.
2026-06-26 01:13:30 [main] DEBUG freemarker.cache - TemplateLoader.findTemplateSource("spark/macros/attr-common_es_MX.ftl"): Not found
2026-06-26 01:13:30 [main] DEBUG freemarker.cache - TemplateLoader.findTemplateSource("spark/macros/attr-common_es.ftl"): Not found
2026-06-26 01:13:30 [main] DEBUG freemarker.cache - TemplateLoader.findTemplateSource("spark/macros/attr-common.ftl"): Found
2026-06-26 01:13:30 [main] DEBUG freemarker.cache - "spark/macros/attr-common.ftl"("es_MX", UTF-8, parsed): using cached since jar:file:/C:/Users/rperaltr/.m2/repository/com/aventstack/extentreports/5.1.2/extentreports-5.1.2.jar!/com/aventstack/extentreports/templates/spark/macros/attr-common.ftl hasn't changed.
2026-06-26 01:13:30 [main] DEBUG freemarker.cache - TemplateLoader.findTemplateSource("spark/partials/head_es_MX.ftl"): Not found
2026-06-26 01:13:30 [main] DEBUG freemarker.cache - TemplateLoader.findTemplateSource("spark/partials/head_es.ftl"): Not found
2026-06-26 01:13:30 [main] DEBUG freemarker.cache - TemplateLoader.findTemplateSource("spark/partials/head.ftl"): Found
2026-06-26 01:13:30 [main] DEBUG freemarker.cache - "spark/partials/head.ftl"("es_MX", UTF-8, parsed): using cached since jar:file:/C:/Users/rperaltr/.m2/repository/com/aventstack/extentreports/5.1.2/extentreports-5.1.2.jar!/com/aventstack/extentreports/templates/spark/partials/head.ftl hasn't changed.
2026-06-26 01:13:30 [main] DEBUG freemarker.cache - TemplateLoader.findTemplateSource("commons/commons-inject-css_es_MX.ftl"): Not found
2026-06-26 01:13:30 [main] DEBUG freemarker.cache - TemplateLoader.findTemplateSource("commons/commons-inject-css_es.ftl"): Not found
2026-06-26 01:13:30 [main] DEBUG freemarker.cache - TemplateLoader.findTemplateSource("commons/commons-inject-css.ftl"): Found
2026-06-26 01:13:30 [main] DEBUG freemarker.cache - "commons/commons-inject-css.ftl"("es_MX", UTF-8, parsed): using cached since jar:file:/C:/Users/rperaltr/.m2/repository/com/aventstack/extentreports/5.1.2/extentreports-5.1.2.jar!/com/aventstack/extentreports/templates/commons/commons-inject-css.ftl hasn't changed.
2026-06-26 01:13:30 [main] DEBUG freemarker.cache - TemplateLoader.findTemplateSource("spark/partials/navbar_es_MX.ftl"): Not found
2026-06-26 01:13:30 [main] DEBUG freemarker.cache - TemplateLoader.findTemplateSource("spark/partials/navbar_es.ftl"): Not found
2026-06-26 01:13:30 [main] DEBUG freemarker.cache - TemplateLoader.findTemplateSource("spark/partials/navbar.ftl"): Found
2026-06-26 01:13:30 [main] DEBUG freemarker.cache - "spark/partials/navbar.ftl"("es_MX", UTF-8, parsed): using cached since jar:file:/C:/Users/rperaltr/.m2/repository/com/aventstack/extentreports/5.1.2/extentreports-5.1.2.jar!/com/aventstack/extentreports/templates/spark/partials/navbar.ftl hasn't changed.
2026-06-26 01:13:30 [main] DEBUG freemarker.cache - TemplateLoader.findTemplateSource("spark/partials/sidenav_es_MX.ftl"): Not found
2026-06-26 01:13:30 [main] DEBUG freemarker.cache - TemplateLoader.findTemplateSource("spark/partials/sidenav_es.ftl"): Not found
2026-06-26 01:13:30 [main] DEBUG freemarker.cache - TemplateLoader.findTemplateSource("spark/partials/sidenav.ftl"): Found
2026-06-26 01:13:30 [main] DEBUG freemarker.cache - "spark/partials/sidenav.ftl"("es_MX", UTF-8, parsed): using cached since jar:file:/C:/Users/rperaltr/.m2/repository/com/aventstack/extentreports/5.1.2/extentreports-5.1.2.jar!/com/aventstack/extentreports/templates/spark/partials/sidenav.ftl hasn't changed.
2026-06-26 01:13:30 [main] DEBUG freemarker.cache - TemplateLoader.findTemplateSource("spark/partials/test_es_MX.ftl"): Not found
2026-06-26 01:13:30 [main] DEBUG freemarker.cache - TemplateLoader.findTemplateSource("spark/partials/test_es.ftl"): Not found
2026-06-26 01:13:30 [main] DEBUG freemarker.cache - TemplateLoader.findTemplateSource("spark/partials/test.ftl"): Found
2026-06-26 01:13:30 [main] DEBUG freemarker.cache - "spark/partials/test.ftl"("es_MX", UTF-8, parsed): using cached since jar:file:/C:/Users/rperaltr/.m2/repository/com/aventstack/extentreports/5.1.2/extentreports-5.1.2.jar!/com/aventstack/extentreports/templates/spark/partials/test.ftl hasn't changed.
2026-06-26 01:13:30 [main] DEBUG freemarker.cache - TemplateLoader.findTemplateSource("spark/partials/standard-content_es_MX.ftl"): Not found
2026-06-26 01:13:30 [main] DEBUG freemarker.cache - TemplateLoader.findTemplateSource("spark/partials/standard-content_es.ftl"): Not found
2026-06-26 01:13:30 [main] DEBUG freemarker.cache - TemplateLoader.findTemplateSource("spark/partials/standard-content.ftl"): Found
2026-06-26 01:13:30 [main] DEBUG freemarker.cache - "spark/partials/standard-content.ftl"("es_MX", UTF-8, parsed): using cached since jar:file:/C:/Users/rperaltr/.m2/repository/com/aventstack/extentreports/5.1.2/extentreports-5.1.2.jar!/com/aventstack/extentreports/templates/spark/partials/standard-content.ftl hasn't changed.
2026-06-26 01:13:30 [main] DEBUG freemarker.cache - "spark/partials/standard-content.ftl"("es_MX", UTF-8, parsed) cached copy not yet stale; using cached.
2026-06-26 01:13:30 [main] DEBUG freemarker.cache - "spark/partials/standard-content.ftl"("es_MX", UTF-8, parsed) cached copy not yet stale; using cached.
2026-06-26 01:13:30 [main] DEBUG freemarker.cache - TemplateLoader.findTemplateSource("spark/partials/exception_es_MX.ftl"): Not found
2026-06-26 01:13:30 [main] DEBUG freemarker.cache - TemplateLoader.findTemplateSource("spark/partials/exception_es.ftl"): Not found
2026-06-26 01:13:30 [main] DEBUG freemarker.cache - TemplateLoader.findTemplateSource("spark/partials/exception.ftl"): Found
2026-06-26 01:13:30 [main] DEBUG freemarker.cache - "spark/partials/exception.ftl"("es_MX", UTF-8, parsed): using cached since jar:file:/C:/Users/rperaltr/.m2/repository/com/aventstack/extentreports/5.1.2/extentreports-5.1.2.jar!/com/aventstack/extentreports/templates/spark/partials/exception.ftl hasn't changed.
2026-06-26 01:13:30 [main] DEBUG freemarker.cache - TemplateLoader.findTemplateSource("spark/partials/category_es_MX.ftl"): Not found
2026-06-26 01:13:30 [main] DEBUG freemarker.cache - TemplateLoader.findTemplateSource("spark/partials/category_es.ftl"): Not found
2026-06-26 01:13:30 [main] DEBUG freemarker.cache - TemplateLoader.findTemplateSource("spark/partials/category.ftl"): Found
2026-06-26 01:13:30 [main] DEBUG freemarker.cache - "spark/partials/category.ftl"("es_MX", UTF-8, parsed): using cached since jar:file:/C:/Users/rperaltr/.m2/repository/com/aventstack/extentreports/5.1.2/extentreports-5.1.2.jar!/com/aventstack/extentreports/templates/spark/partials/category.ftl hasn't changed.
2026-06-26 01:13:30 [main] DEBUG freemarker.cache - TemplateLoader.findTemplateSource("spark/partials/device_es_MX.ftl"): Not found
2026-06-26 01:13:30 [main] DEBUG freemarker.cache - TemplateLoader.findTemplateSource("spark/partials/device_es.ftl"): Not found
2026-06-26 01:13:30 [main] DEBUG freemarker.cache - TemplateLoader.findTemplateSource("spark/partials/device.ftl"): Found
2026-06-26 01:13:30 [main] DEBUG freemarker.cache - "spark/partials/device.ftl"("es_MX", UTF-8, parsed): using cached since jar:file:/C:/Users/rperaltr/.m2/repository/com/aventstack/extentreports/5.1.2/extentreports-5.1.2.jar!/com/aventstack/extentreports/templates/spark/partials/device.ftl hasn't changed.
2026-06-26 01:13:30 [main] DEBUG freemarker.cache - TemplateLoader.findTemplateSource("spark/partials/author_es_MX.ftl"): Not found
2026-06-26 01:13:30 [main] DEBUG freemarker.cache - TemplateLoader.findTemplateSource("spark/partials/author_es.ftl"): Not found
2026-06-26 01:13:30 [main] DEBUG freemarker.cache - TemplateLoader.findTemplateSource("spark/partials/author.ftl"): Found
2026-06-26 01:13:30 [main] DEBUG freemarker.cache - "spark/partials/author.ftl"("es_MX", UTF-8, parsed): using cached since jar:file:/C:/Users/rperaltr/.m2/repository/com/aventstack/extentreports/5.1.2/extentreports-5.1.2.jar!/com/aventstack/extentreports/templates/spark/partials/author.ftl hasn't changed.
2026-06-26 01:13:30 [main] DEBUG freemarker.cache - TemplateLoader.findTemplateSource("spark/partials/log_es_MX.ftl"): Not found
2026-06-26 01:13:30 [main] DEBUG freemarker.cache - TemplateLoader.findTemplateSource("spark/partials/log_es.ftl"): Not found
2026-06-26 01:13:30 [main] DEBUG freemarker.cache - TemplateLoader.findTemplateSource("spark/partials/log.ftl"): Found
2026-06-26 01:13:30 [main] DEBUG freemarker.cache - "spark/partials/log.ftl"("es_MX", UTF-8, parsed): using cached since jar:file:/C:/Users/rperaltr/.m2/repository/com/aventstack/extentreports/5.1.2/extentreports-5.1.2.jar!/com/aventstack/extentreports/templates/spark/partials/log.ftl hasn't changed.
2026-06-26 01:13:30 [main] DEBUG freemarker.cache - TemplateLoader.findTemplateSource("spark/partials/dashboard_es_MX.ftl"): Not found
2026-06-26 01:13:30 [main] DEBUG freemarker.cache - TemplateLoader.findTemplateSource("spark/partials/dashboard_es.ftl"): Not found
2026-06-26 01:13:30 [main] DEBUG freemarker.cache - TemplateLoader.findTemplateSource("spark/partials/dashboard.ftl"): Found
2026-06-26 01:13:30 [main] DEBUG freemarker.cache - "spark/partials/dashboard.ftl"("es_MX", UTF-8, parsed): using cached since jar:file:/C:/Users/rperaltr/.m2/repository/com/aventstack/extentreports/5.1.2/extentreports-5.1.2.jar!/com/aventstack/extentreports/templates/spark/partials/dashboard.ftl hasn't changed.
2026-06-26 01:13:30 [main] DEBUG freemarker.cache - TemplateLoader.findTemplateSource("spark/partials/scripts_es_MX.ftl"): Not found
2026-06-26 01:13:30 [main] DEBUG freemarker.cache - TemplateLoader.findTemplateSource("spark/partials/scripts_es.ftl"): Not found
2026-06-26 01:13:30 [main] DEBUG freemarker.cache - TemplateLoader.findTemplateSource("spark/partials/scripts.ftl"): Found
2026-06-26 01:13:30 [main] DEBUG freemarker.cache - "spark/partials/scripts.ftl"("es_MX", UTF-8, parsed): using cached since jar:file:/C:/Users/rperaltr/.m2/repository/com/aventstack/extentreports/5.1.2/extentreports-5.1.2.jar!/com/aventstack/extentreports/templates/spark/partials/scripts.ftl hasn't changed.
2026-06-26 01:13:30 [main] DEBUG freemarker.cache - TemplateLoader.findTemplateSource("commons/commons-inject-js_es_MX.ftl"): Not found
2026-06-26 01:13:30 [main] DEBUG freemarker.cache - TemplateLoader.findTemplateSource("commons/commons-inject-js_es.ftl"): Not found
2026-06-26 01:13:30 [main] DEBUG freemarker.cache - TemplateLoader.findTemplateSource("commons/commons-inject-js.ftl"): Found
2026-06-26 01:13:30 [main] DEBUG freemarker.cache - "commons/commons-inject-js.ftl"("es_MX", UTF-8, parsed): using cached since jar:file:/C:/Users/rperaltr/.m2/repository/com/aventstack/extentreports/5.1.2/extentreports-5.1.2.jar!/com/aventstack/extentreports/templates/commons/commons-inject-js.ftl hasn't changed.
